0.023600410204864457,0.0236761997478688,3.771027263809785,3.7712947599,0.5391065482832781
-0.010872243109401268,-0.043304865203819105,5.313387770975061,5.3136600495,0.5391065482832781
-0.013574364714261314,0.023567955223487376,3.9238830324243312,3.9240919669,0.5391065482832781
0.02650624318273232,-0.04224049783497615,5.155520659515061,5.1558491164,0.5391065482832781
0.007133498368954437,-0.010304761980176845,2.4767194987628947,2.4769328918,1.002285855470183
-0.008849342116975521,-0.017725580034452335,3.473143166721197,3.4733292334,1.002285855470183
-0.001587832695844209,0.025929784329112103,5.060153400733877,5.0603090137,1.002285855470183
-0.00875757122338496,-0.008299677572901528,2.092292818312143,2.092542668,1.002285855470183
0.0062628135963562655,0.004886270971818357,2.501273564198697,5.0603090137,0.9605499124581772
-0.029023241961262023,0.01217312381996254,4.808932654757744,2.092542668,0.9605499124581772
-0.011515502845034593,0.016377001067956667,7.417290954808672,2.5014660784,0.9605499124581772
0.003950839795508808,-0.0094084770634917,1.554983931241842,4.8091292155,0.9605499124581772
-0.01800504860993325,-0.008888809817673433,2.088151604136777,2.5014660784,0.4738421323319469
0.02050780942045181,0.010237053220667501,3.5713532127185577,4.8091292155,0.4738421323319469
-0.008405301188607509,0.020028199006520992,6.798266315088509,7.4173786422,0.4738421323319469
0.010188122654854326,-0.019726752082462704,1.7110071368225468,1.555306772,0.4738421323319469
-0.009097291592413419,-0.018539170421838325,2.8986513111582473,7.4173786422,0.05384692910777803
0.020152777901165896,0.026269849282874676,4.46951023437558,1.555306772,0.05384692910777803
0.024347612290371055,0.015230403826254775,2.924700743736989,2.0884636254,0.05384692910777803
-0.021463183864486816,-0.018621207966690412,3.9258352361294513,3.5715527628,0.05384692910777803
0.004388753605992115,-0.0034938866604535394,3.30447424512533,2.0884636254,3.7217990705400115
-0.006206586991070725,-0.015652700672777593,2.209971818829036,3.5715527628,3.7217990705400115
-0.00019994427921547707,0.009091028709563798,2.794592481832697,6.7983672061,3.7217990705400115
-0.00016063183833050533,-0.0050737704931324516,1.373012958346953,1.7114141419,3.7217990705400115
-0.01367285434352637,0.011370132466265254,2.529950688089867,6.7983672061,0.23818686950833795
0.008822108867991061,-0.011509944934408467,2.05869895700374,1.7114141419,0.23818686950833795
-0.003639799553278165,-0.0018523757338757938,1.953473405514802,2.8988801088,0.23818686950833795
-0.0029624858216766047,-0.013511872292580308,2.1818426052805475,4.4697335463,0.23818686950833795
0.0017823779957605646,-0.028463140129881936,3.123774485216294,3.1240487131,1.753680055151723
-0.01592567136560274,0.03128111288944706,4.277424705100215,4.277673929,1.753680055151723
0.02394766714359905,-0.006613265984569608,3.2397436180978136,3.239977768,1.753680055151723
-0.037630095465733565,0.008742937304394714,4.1604741149448925,4.1607616279,1.753680055151723
-0.0012165622377814918,0.0024189730004783097,3.7398327962904667,3.239977768,1.0067159763642635
0.0025767225293990537,-0.012677603297722485,1.4570517013199393,4.1607616279,1.0067159763642635
0.004788090872475171,0.026092647384915877,2.8757478246684713,3.7399541007,1.0067159763642635
-0.0020621123020690617,-0.02565329371743366,3.376493889370655,1.4574179295,1.0067159763642635
0.005169316856212556,0.0003301559825183975,2.732746780869151,3.7399541007,0.3388947353321987
0.010446857163329847,-0.011487292581319268,4.222911036852334,1.4574179295,0.3388947353321987
-0.01732110295935217,-0.0034888233871976184,2.020392892670328,2.876026652,0.3388947353321987
0.0040531188933844685,0.004051413816578853,2.459210375621371,3.3767252374,0.3388947353321987
-0.003531659111799147,-0.02794657945841536,3.3359396089418243,2.876026652,0.1711123605049915
0.021369324121251667,0.007757707367505751,2.385080892162973,3.3767252374,0.1711123605049915
-0.0015639948808826832,-0.020101862456683873,2.1697105897949314,2.7329163542,0.1711123605049915
0.009155100945029708,0.0077611253267415355,2.2334645158150086,4.2230461423,0.1711123605049915
0.008844349334237828,0.005172032742960915,1.9519169806749652,1.9521743959,0.6525991819637976
-0.011086708471671283,-0.009741821854769768,2.1835863047633723,2.183842249,0.6525991819637976
-0.009320358645011339,0.022851214287485794,3.74856800406474,3.7487692818,0.6525991819637976
0.0037633844801561855,-0.0324775979494799,3.0997287798796562,3.1000463652,0.6525991819637976
-0.016974317554091664,-0.01307327724347269,2.3345367729988467,3.7487692818,1.408251341487797
0.01860025057938658,0.013664261352846412,3.2573795869320974,3.1000463652,1.408251341487797
-0.007661943391155287,-0.002692279716723594,1.3548230615543606,2.3348278272,1.408251341487797
0.000482813915986104,-0.0010081321959337294,3.3456074585800653,3.2575994927,1.408251341487797
0.006661375666181793,0.00020591476767272852,1.3700227874182629,2.3348278272,2.0120179863597802
-0.0038504277520674036,-0.005381129004880261,2.7744175981308854,3.2575994927,2.0120179863597802
-0.007082262956557924,-0.014382821407985198,3.7982842139157915,1.3551795017,2.0120179863597802
0.012027752866993768,0.007838730183575266,1.515437722041706,3.3457421473,2.0120179863597802
0.008904312950307051,-0.019379958405096136,2.3247879574943653,1.3551795017,0.10532306098039988
0.0014022610521303375,0.024881845620481204,3.288362222288427,3.3457421473,0.10532306098039988
0.01370387041062283,0.020326567339489683,3.6039385949661034,1.3703674158,0.10532306098039988
-0.002986568342640976,-0.015084321593748997,1.8003569046220862,2.7745876795,0.10532306098039988
0.00045372312273242124,0.015307402526228508,2.878111990784357,1.3703674158,3.137133972925784
0.009062825539683399,-0.013048380874563253,3.28258131846967,2.7745876795,3.137133972925784
0.005482355942463565,0.011332874662934606,2.3117769907734793,3.7984365196,3.137133972925784
-0.006077278208676071,-0.015654010440982583,2.0843092485130326,1.5158026263,3.137133972925784
-0.004616904738653654,0.0019533273181394383,1.566244240231619,3.7984365196,0.5708065494080287
-0.014404155557511887,0.0011923967741970295,3.5471648747951665,1.5158026263,0.5708065494080287
-0.003830955629628442,0.010776961889925074,1.307151105128304,2.3250793356,0.5708065494080287
0.0002796789674416142,-0.004500188104313396,3.781192394231794,3.2885934953,0.5708065494080287
-0.009618613601977603,-0.010918813169131784,1.6634500604577933,2.3250793356,3.5324977597295244
0.02501020460172211,0.0025730116958195062,3.7433869359574508,3.2885934953,3.5324977597295244
-0.0065336066215951494,0.010162196351966017,3.7295281005367507,3.6041468286,3.5324977597295244
0.020478769121042614,-0.014606913140472867,2.022103875216733,1.8006724967,3.5324977597295244
-0.006693655377008919,-0.012869946284413753,3.2780255607646915,3.6041468286,0.8074074372688318
0.0071659969362448325,0.006329662281644347,1.4631406545532029,1.8006724967,0.8074074372688318
-0.010889801913514149,0.01555651727028776,1.9829997077960957,2.878309079,0.8074074372688318
0.0038531271219675893,-0.007097682534713927,3.5849942132207393,3.2827568456,0.8074074372688318
0.00606936024341129,0.005620157408924473,4.709621916375182,2.878309079,1.4680516805732546
-0.010134709520144829,0.0006551800340134756,1.287338090513518,3.2827568456,1.4680516805732546
0.01331934207063524,0.006464930048956719,4.350875196278944,2.3120059138,1.4680516805732546
-0.005437249538851882,-0.012924246358506543,1.8704164599397135,2.0845927719,1.4680516805732546
0.0030390046068692776,0.012917545788165223,2.352887827191216,2.3120059138,2.0284127235666722
-0.0035712279102361154,-0.013273443980812061,1.952232055039107,2.0845927719,2.0284127235666722
-0.013376632450352434,0.0068827525951839,3.966905967895887,1.5665395467,2.0284127235666722
0.012420321144072941,-0.001797028883283072,1.4272847819786807,3.5473211795,2.0284127235666722
0.007172690183734244,-0.009358666729940101,1.7074115174652897,1.7077157615,0.07275603605452693
-0.005240776849755409,0.0013569757807639072,2.401369902564301,2.4015633899,0.07275603605452693
0.004609352090902649,0.016671128854534232,4.059036824014368,4.0591845377,0.07275603605452693
0.0005424333696948386,-0.019378106755222092,1.8624325563115873,1.8627750353,0.07275603605452693
0.013150629521514875,-0.007766963243119745,2.3873753832626607,4.0591845377,0.7967133171620332
-0.013738339987917203,0.007779528073115235,2.1043535480876194,1.8627750353,0.7967133171620332
0.002766936679194304,-0.021571411394470857,2.3468328465873474,2.3876127168,0.7967133171620332
-0.002928979998223273,0.020238751756721882,3.0169795139409232,2.1046265984,0.7967133171620332
-0.014269322883302394,0.01149147500286101,2.5427139458996315,2.3876127168,3.4333084785122225
0.02309690421282401,-0.01697241712655767,3.131985322932911,2.1046265984,3.4333084785122225
-0.008267571746718735,0.016296444247527443,2.8171507171619234,2.3471253463,3.4333084785122225
0.013922804488183095,-0.0219306158763539,2.693956245509572,3.0171979672,3.4333084785122225
0.002686474928914225,-0.011360742038154095,1.4173707034320302,2.3471253463,0.8794063507648635
-0.005956330380549369,0.014638693152231161,4.160415202100356,3.0171979672,0.8794063507648635
-0.0008945953786830223,-0.008151234194537926,1.5581824922559917,2.5429569163,0.8794063507648635
0.0006236031276682418,0.004672122023354376,2.3697101570915255,3.1322601413,0.8794063507648635
0.005416760366944692,0.02054443523334593,4.258377235232817,2.5429569163,1.1819782598193755
-0.011326951911522633,-0.009197929527475555,1.5667705009827697,3.1322601413,1.1819782598193755
-0.004685381316409935,-0.004344264857810105,2.049256255887164,2.8173697113,1.1819782598193755
-0.013507263678779457,0.006800495415034002,2.645311037476179,2.6942485129,1.1819782598193755
-0.0010856226874302452,-0.0016951853928330587,2.363396662580106,2.8173697113,0.871769878041003
-0.0035833323565662716,0.0014785561088601917,2.6279493174007547,2.6942485129,0.871769878041003
-0.00046907952080855737,-0.011246404287385808,1.2711414067953346,1.4177362218,0.871769878041003
0.00977767599098288,0.002727398119419345,4.519478903341076,4.1605533795,0.871769878041003
0.017948246348417893,-0.01419413042104642,1.7624987857844139,1.4177362218,0.21483707821475317
-0.009515429513587744,-0.0002701448939597905,3.795037507142445,4.1605533795,0.21483707821475317
0.002370615951286229,0.01517227552844726,2.828169935288154,1.5584928367,0.21483707821475317
0.005732605017514816,-0.031566922013931145,2.8471296709456535,2.3699047336,0.21483707821475317
-0.007479518001184266,-0.012727032146017154,4.297075853938311,1.5584928367,0.08918146700263267
0.005902541276927053,0.013937800148494646,1.4955659645146981,2.3699047336,0.08918146700263267
-0.006771534739602296,-0.007998109086753092,1.8491113203796203,4.2585359095,0.08918146700263267
0.005665549919117982,0.009505764221044908,2.147258269374033,1.5671256186,0.08918146700263267
0.019632832573214645,0.00487854485861324,2.26215493004336,4.2585359095,0.9816826579037379
-0.01604345531858922,-0.011656613733302934,2.8472538262042373,1.5671256186,0.9816826579037379
-0.009963510649004335,-0.007796750789352478,3.1962764988671983,2.0494857959,0.9816826579037379
0.01473723488727736,0.000707712161396495,1.5935512279414892,2.6455243672,0.9816826579037379
-0.00817043836232704,0.006070732167274226,2.967588784201593,2.0494857959,0.48577824600003316
0.004377783866524652,-0.004465518671530998,1.3656594112455733,2.6455243672,0.48577824600003316
-0.012927431864285164,-0.00371923787924256,1.564946553564611,2.363587916,0.48577824600003316
0.006485556245113786,0.0013776148913040684,2.926735838989104,2.6281234068,0.48577824600003316
0.007260064231858516,-0.01062056159493685,2.277622833345413,2.363587916,0.6546743568122202
-0.010339206085663662,0.011139792185967813,2.040356509350682,2.6281234068,0.6546743568122202
-0.015443066550569994,0.013065222729282375,2.0321181143862166,1.271545193,0.6546743568122202
0.009382616276521588,-0.011830527692108668,3.0319993252755073,4.5195898707,0.6546743568122202
0.01638965753694334,-0.004694199670925287,2.108788376319118,2.1090706656,0.42242425856877996
-0.015617018525726193,0.007314585438165212,2.6491693660939446,2.6493953507,0.42242425856877996
0.008804424161712385,0.0028770024855606455,1.762741503793635,1.7630211015,0.42242425856877996
-0.006103748810492412,-0.0014756366729126536,3.1656621598244765,3.165810535,0.42242425856877996
0.012740159729121075,-0.0007635061535295793,2.4231244179616316,1.7630211015,0.7552325086808979
-0.005039165693316285,0.0014660904911342715,1.5531274168479652,3.165810535,0.7552325086808979
-0.008501443998046015,0.008639132242122313,1.699790037067074,2.4233437312,0.7552325086808979
0.01727263011790963,-0.007171783511734162,3.157596447227899,1.553425993,0.7552325086808979
-0.013841613633966897,0.004262265335956674,2.967534140715268,2.4233437312,1.0691533962336162
0.017748795672973293,0.007235495443827129,1.9114323213333668,1.553425993,1.0691533962336162
-0.011249778153234118,0.014523181881511563,2.3772953574856786,1.7000979616,1.0691533962336162
0.013889701534703158,-0.004106533145193021,2.117411030020183,3.1577943413,1.0691533962336162
0.003526922592565099,0.001614971203943694,3.069889464733323,1.7000979616,0.5017502387632042
-0.00645741535630741,-0.00377208364952022,1.7572479765689002,3.1577943413,0.5017502387632042
0.0032335017395806213,7.077511745572597e-05,2.7385739009580132,2.9677211179,0.5017502387632042
-0.006171771807613529,-0.0024515391620081512,1.445493345015902,1.9117638168,0.5017502387632042
0.014181841438405791,0.0014479284543621488,1.7655483930271496,2.9677211179,1.0207686486237664
-0.0022240230495501508,0.006117898533851965,2.1016740817738517,1.9117638168,1.0207686486237664
0.004322347517083754,0.013170802575104824,1.7929042171665535,2.3775556139,1.0207686486237664
0.00857696123294319,5.022659334732059e-05,2.141760767651886,2.1176730762,1.0207686486237664
-0.0019466346120612691,-0.004579426214691523,1.9181239787733118,2.3775556139,0.437801427659992
-0.008403191723966807,0.003632454960909575,2.327370374198321,2.1176730762,0.437801427659992
-0.0015401842200186546,0.001145139963219356,1.553415977380116,3.070038497,0.437801427659992
-0.007754452289080518,-0.0007974786112882917,2.710230903993108,1.7575199509,0.437801427659992
-0.0019634394357072936,-0.007534163896207274,2.2070320194895414,3.070038497,1.6938457102361804
-0.0027896794833856217,0.009797654837547295,1.7188551887591943,1.7575199509,1.6938457102361804
-0.0038510803175054492,0.008427301081413749,2.1125160864335393,2.7387401248,1.6938457102361804
-0.003565443933712937,-0.005412693267875431,1.6521492922015633,1.4458198751,1.6938457102361804
-0.0008389272809280515,-0.00512462452425018,1.9022418588023104,2.7387401248,1.0936689384623726
0.005121433268219939,-0.004912652518126374,1.6764846455881124,1.4458198751,1.0936689384623726
-0.004893327013680328,-0.011411115421328586,1.6052546000838512,1.7658607955,1.0936689384623726
0.010926563227303754,0.0007686025526943388,2.5434285974594175,2.1018982661,1.0936689384623726
-0.0046762723039177655,-0.016164868910369147,2.3913094136132362,1.7658607955,0.11395037188515053
0.004685588293687069,0.018502702820492756,2.403431906839951,2.1018982661,0.11395037188515053
-0.00924608921374709,0.007559929365460502,2.7427088078770714,1.7932087677,0.11395037188515053
0.013378592102666361,-0.006342680069755571,2.034598805382474,2.1419880375,0.11395037188515053
0.0025347853281679615,0.002425328212242791,1.3819155230291849,1.7932087677,0.1573647054513143
0.009307672630003311,-0.0073917896054577015,3.1263895629143876,2.1419880375,0.1573647054513143
-0.008340504320546095,0.0008094161292990093,2.3174250706301036,1.9183650222,0.1573647054513143
0.012636572448742148,-0.0012414352533247567,1.7811304724808568,2.3275817208,0.1573647054513143
-0.009049310811507652,-0.004221368528745258,2.9210659858182693,1.9183650222,0.3733753292020931
0.005771294474916175,0.005968179474281301,1.4250029688044092,2.3275817208,0.3733753292020931
0.0021944632848680838,0.0076159654750540305,1.4644920870268578,1.5537068199,0.3733753292020931
-0.003016272661227822,-0.009331854589550156,2.849006556806327,2.7104081464,0.3733753292020931
-0.0013324363254694916,0.00245117588014544,1.858369641139717,1.5537068199,0.8443653785257258
-0.006701035721739697,-0.0018639452228666619,1.907500708783754,2.7104081464,0.8443653785257258
-0.014189017233973509,-0.001162972997016355,2.8016136362180433,2.2072496356,0.8443653785257258
0.00927254769929134,0.004881456068302007,2.133034183599862,1.7191471538,0.8443653785257258
-0.008497695853009366,0.005028651961219938,1.4473212978178664,2.2072496356,0.08420175972683018
0.014128262495863242,-0.0015575226490127311,3.2617951407031742,1.7191471538,0.08420175972683018
-0.00017047000264343857,-0.003481106280436386,2.120381009372221,2.1127494091,0.08420175972683018
0.0044545243057739665,0.005657883220213867,1.5921269685368344,1.6524343537,0.08420175972683018
-0.0178516550887157,0.003217368636547771,2.6465535358633887,2.1127494091,0.137554908949532
0.0182810049187655,-0.0023817719279576976,2.2416749688985984,1.6524343537,0.137554908949532
0.00715080262093961,0.014768228235017705,2.761460351878086,1.902485494,0.137554908949532
-0.007049034461873251,-0.013968395427259478,1.921046284552255,1.6767680609,0.137554908949532
-0.007571306399842601,-0.004261714315172585,2.0434812905882844,1.902485494,0.1126939519322168
-0.0034856979594713377,0.0050765719823810725,1.6227961444582673,1.6767680609,0.1126939519322168
-0.010975899581610828,0.0011087213579771683,1.5469931241990376,1.6055829126,0.1126939519322168
0.0006650380621112271,-0.001901679473536155,2.3726004010875776,2.5436291025,0.1126939519322168
-0.002897194877916755,0.003168214303153838,1.3913938905545018,1.6055829126,0.2477539083689508
-0.001705933563526837,-0.013784814763975514,2.7784214623662886,2.5436291025,0.2477539083689508
0.008457141229910807,-0.006693570667468615,2.4746720773187647,2.3915567905,0.2477539083689508
-0.012953634899779043,-0.004192305159842861,1.6857545783526338,2.4036949132,0.2477539083689508
0.018729749507099172,0.00624763710205669,2.8388409045909317,2.3915567905,0.5379537910357742
-0.006830367605543707,-0.0030599452938111643,1.5944199752608244,2.4036949132,0.5379537910357742
0.011241302221404488,0.00810726348488696,2.718662022989434,2.7428988766,0.5379537910357742
0.0019164386690559813,-0.007191401070013348,1.457100552992532,2.0348738327,0.5379537910357742
0.0076314353432347885,0.011243998089491409,2.7527935805129293,2.7428988766,0.004371918476274645
0.003696809119732969,-0.0011189173293519176,1.5953438621490497,2.0348738327,0.004371918476274645
0.010723112994748481,0.0026530793489891466,1.8861422076891086,1.3822455716,0.004371918476274645
-0.004834731040326027,0.007198007018358473,1.9604138593821971,3.1265560879,0.004371918476274645
0.0003754691897873302,-0.0011463829556819034,1.5736354251865001,1.3822455716,0.8967764030860593
-0.0016148125396529733,-0.0012919746195209265,2.033210482707728,3.1265560879,0.8967764030860593
-0.010463878584162043,-0.015245536657320806,3.22713441567185,2.3176343925,0.8967764030860593
0.009362231810321317,0.006854755492600985,1.6748915027615952,1.7814283551,0.8967764030860593
0.005781400063350485,0.0016110949860841058,2.739722779228676,2.3176343925,1.2903146135959158
-0.001792406357529857,-0.008385812727906727,1.4021421772884242,1.7814283551,1.2903146135959158
-0.002018653229008057,-0.005801374994086684,2.1545603722354056,2.9212371015,1.2903146135959158
0.0062556637065329926,-0.0009590831374217722,1.5573150488278995,1.4253429019,1.2903146135959158
0.0013405109706320407,-0.01301625993409581,1.735588496814475,2.9212371015,0.8663961592011329
-0.002433392851273149,0.015265635935721548,2.8302126353259998,1.4253429019,0.8663961592011329
0.00613733436857294,-0.01575787140119309,2.2529164946514326,1.4648207712,0.8663961592011329
-0.0065047834082961,0.018691420975005903,2.619865481862327,2.8491813811,0.8663961592011329
0.01168544197872484,-0.0025714948622272468,2.4007856511923418,1.4648207712,0.6386141398387453
-0.013258361440078326,0.0035398158940884166,1.878798097985767,2.8491813811,0.6386141398387453
-0.003178171689429206,-0.008437242111179239,2.2544855429187884,1.8586138671,0.6386141398387453
0.007481946429643347,0.01026981799560012,1.9152780516903225,1.9077492844,0.6386141398387453
-0.002036313870948704,-0.0038842130796025868,1.7740008659238198,1.8586138671,0.10412033489104645
0.00019743587991506435,0.005777095287397867,1.848082110326736,1.9077492844,0.10412033489104645
-0.00854564024853317,-0.0047223939222235355,3.430063214949564,2.8018104232,0.10412033489104645
0.006815497788365702,0.005696821027243128,1.351649393428195,2.1332708776,0.10412033489104645
0.003942192582738365,0.0007832197301893827,1.4773818482802887,1.4776918758,0.04319807178029881
-0.001127134994173981,-0.004526604168567728,2.2685660838791053,2.2687692341,0.04319807178029881
0.008157518597238943,-0.0020811247737551344,1.911186243291548,1.9114402247,0.04319807178029881
-0.006031757846207053,-0.0018365267367693426,1.8163793058904898,1.8166379765,0.04319807178029881
0.007137645215495552,-0.003770504821772119,1.4914338980631072,1.9114402247,0.09045017361846866
-0.000918693504430179,-0.01374103709870558,2.3570500589228858,1.8166379765,0.09045017361846866
0.0023222149726041235,-0.006693464443322428,1.7417818741270574,1.4917574317,0.09045017361846866
0.00584365489944253,-0.01333568977765209,2.119527908756439,2.3572811967,0.09045017361846866
-0.00031307249986999827,-0.0012491793498910658,1.761999546057598,1.4917574317,0.1176875436116325
0.0021543086727354014,-0.0029482901472806973,1.7953479442782854,2.3572811967,0.1176875436116325
-0.0035208287084461396,-0.005689141905958917,2.1837802095313186,1.7420546181,0.1176875436116325
0.007239725109832178,0.00018795592483879163,1.624395993069501,2.1197902125,0.1176875436116325
-0.0040282044806490115,0.005803565948672134,2.2277491505639273,1.7420546181,0.2922387631153926
0.00027873705673100307,-0.008426684228628353,1.6279605863545794,2.1197902125,0.2922387631153926
-0.004237066094806937,0.0016296181620430526,1.4221781529617836,1.7622553898,0.2922387631153926
0.0014827181189801632,-0.00417363797164629,2.462585598335037,1.7956022873,0.2922387631153926
-0.0006635027909221271,0.0022058731218363606,2.302661875098708,1.7622553898,0.18667023689338683
0.0022987190013714796,-0.01328315095930315,1.6527782311861514,1.7956022873,0.18667023689338683
-0.004472261448650467,-0.0028957159316060077,1.7899676950600647,2.1839965124,0.18667023689338683
0.0077377339963258865,-0.0062741543916442835,1.9952562126117277,1.6246891368,0.18667023689338683
-0.004810445802952273,-0.0001928168544509128,2.025418083179963,2.1839965124,0.009455910613932772
0.004189910749651632,0.000245760494571543,1.6385244962173724,1.6246891368,0.009455910613932772
-0.0001426874426103567,0.006043332754708069,1.601499972844367,2.2279623393,0.009455910613932772
-0.0014361510481862064,-0.00527528094814779,2.1278506160087223,1.6282588116,0.009455910613932772
-0.0009752845270425797,0.007825490898749584,2.054117111669594,2.2279623393,0.04224105443342379
0.0027001465327440052,-0.008145503840378808,1.7939050784475055,1.6282588116,0.04224105443342379
0.0020039878183715273,-0.004214429112010335,2.467377625289927,1.4225017775,0.04224105443342379
-0.0010928697431336956,0.0032235331704425865,1.4761218764034512,2.4627723092,0.04224105443342379
-0.007965008730398035,0.001316997960765861,1.6513499569599739,1.4225017775,0.00730759180873191
0.005943197668782163,-0.001204018717885909,2.1445178940327256,2.4627723092,0.00730759180873191
-0.0024112172284450903,0.0012624304801861783,1.7616385346333385,2.3028584449,0.00730759180873191
0.000973408942134503,-0.0031948271032161525,1.828306890425433,1.6531054436,0.00730759180873191
0.0010461413873217985,0.00713537902231811,1.9545130253834953,2.3028584449,0.025426710675316242
0.0015030249562456234,-0.005249709171662663,1.736022966714334,1.6531054436,0.025426710675316242
-0.0022588752816512458,0.002071200623594803,1.4396485234183025,1.7902270068,0.025426710675316242
0.0046473621723861986,0.0008068736741111557,2.357601444047782,1.9955066003,0.025426710675316242
0.00045246477060746187,0.0036980140840564488,2.0562031168945825,1.7902270068,0.09491526802573688
-0.0036499218676482167,0.0014442490818856774,1.6432567652300543,1.9955066003,0.09491526802573688
0.002205264597388501,0.007983204440949502,2.4093770409467847,2.0256459684,0.09491526802573688
-0.0032674385470326875,-0.005236363396846168,1.5347683265500263,1.6388044851,0.09491526802573688
0.00046215122507421724,-0.0008116625325122,1.596552666716278,2.0256459684,0.007425510578495709
0.0005783703883380491,-0.006144192032707023,2.0064268524284525,1.6388044851,0.007425510578495709
0.006816752051346098,0.0023396071833297317,1.9429433241970404,1.6017923415,0.007425510578495709
-0.006750885068642709,-0.009501441032794032,1.9433665322445486,2.1280691095,0.007425510578495709
-0.0005500536004492008,-0.003421313736975773,2.2542150331100683,1.6017923415,0.11924264032555787
-0.006258794228157002,0.0021758724174238925,1.5220945506444052,2.1280691095,0.11924264032555787
-0.0040043363922633,-0.0029889301513885734,1.7687003508736632,2.0543513083,0.11924264032555787
-0.0057339188459643985,-2.070591270117617e-06,2.046213263221791,1.7941764324,0.11924264032555787
-0.0006414192658708133,0.0020549693989882546,1.6354397811133161,2.0543513083,0.11878147185352497
-0.015550105776059918,-0.005286818589632417,2.203171850563504,1.7941764324,0.11878147185352497
-0.0037355218625799514,0.001155625352034096,1.537057321127034,2.4675644111,0.11878147185352497
-0.009783921023264421,-0.0034803291081107256,2.25499194312806,1.4764306213,0.11878147185352497
-0.005346448803668809,-0.0013981270384398887,1.9476403608805606,2.4675644111,0.07803327137930909
0.0020685923249673314,-0.006662719783291232,1.8593264270427277,1.4764306213,0.07803327137930909
0.006725119548712683,-0.0025714257688296454,1.7558615951741177,1.6516421695,0.07803327137930909
-0.009791283308328558,-0.0030120849681211856,2.1279617407773257,2.1447362936,0.07803327137930909
-0.008302980409185414,0.005617102151184086,2.0287835978074327,1.6516421695,0.009624190611574575
0.0030024691507848987,-0.004812540979542945,1.743225071969325,2.1447362936,0.009624190611574575
-0.01059098095441561,-0.0018714242181740789,2.1599553091873562,1.7618960623,0.009624190611574575
0.0047277743301227864,0.00369827537685761,1.755982293867759,1.8285560533,0.009624190611574575
0.011630533035144514,0.002541861048597392,2.2055197702297975,1.7618960623,0.3948609244810297
0.00021791596433297602,-0.010666484300316463,1.719521393203834,1.8285560533,0.3948609244810297
0.011438971452519707,-0.00999442497860205,1.976779133291874,1.9547565512,0.3948609244810297
0.00045656420087913257,0.0010765849428070787,1.849985223331601,1.7362907474,0.3948609244810297
0.01460704768050419,0.0019473899386994735,2.3495024873846195,1.9547565512,0.021462397863012683
-0.0014679618514773897,-0.003906828901357164,1.5965011406733456,1.7362907474,0.021462397863012683
0.0022056926312677867,-0.003287372499878955,1.560459442261954,1.4399643271,0.021462397863012683
0.008346911575448753,0.0009518477990710667,2.0963979616353505,2.3577970265,0.021462397863012683
-0.008338013371122666,0.0006518111308175287,1.5157280574892606,1.4399643271,0.0390369747988138
0.0030835176264775092,0.001703922177411672,2.3827516397970046,2.3577970265,0.0390369747988138
0.0010213734749481944,-0.003958368311154737,1.728500297215249,2.05642533,0.0390369747988138
-0.004029350159730752,0.004679241242844481,2.190336569802493,1.6435352763,0.0390369747988138
-0.0012564833886915753,-0.0019032735428864715,1.5999138076793205,2.05642533,0.07429242181155253
0.00067628553101593,0.0017952626073862725,2.164082784484128,1.6435352763,0.07429242181155253
0.0005540336855134088,0.007581927117546566,2.2688876175327803,2.4095780378,0.07429242181155253
-0.004420353355632688,-0.00882544107946771,1.6920393219074323,1.5350739109,0.07429242181155253
0.0030888510136146386,-0.00019898956504645735,1.663898630064629,2.4095780378,0.05751481226349723
0.0015153319160377576,0.0010878229893539388,1.891711988626004,1.5350739109,0.05751481226349723
-0.0011032839393510907,0.004024096829538589,2.1056539406308574,1.5968347723,0.05751481226349723
0.0046884616729941115,-0.0023601550285765457,1.57530061559748,2.0066606091,0.05751481226349723
0.0033345490804159647,-0.002493267712437969,1.8764444295572094,1.5968347723,0.05798258469814926
-0.00519592173036002,-0.0055671634326816405,1.9070213340412157,2.0066606091,0.05798258469814926
0.0014970139329473222,-0.009944854890901116,1.9048463159970992,1.943188283,0.05798258469814926
-0.00451669795856515,0.004450337427377095,1.860910049674251,1.9436330236,0.05798258469814926
-0.002443403156798774,0.004673155553267194,1.469735058559561,1.943188283,0.026430886015791813
0.002656171758966736,-0.005177783731464274,2.4044443232130055,1.9436330236,0.026430886015791813
0.0050649873902648135,-0.0008121747101166851,1.637548252309248,2.2544173135,0.026430886015791813
-0.0044193537422408885,0.0010490284560052332,2.0256795583879033,1.5224045875,0.026430886015791813
-0.005681955225128372,-0.002165735534926484,1.7468162398399425,2.2544173135,0.08079663413138943
0.004170939945877989,0.0009454333773769436,1.8898641823586662,1.5224045875,0.08079663413138943
-0.003543983321745367,0.005220296250411822,2.2537822794866633,1.7689618141,0.08079663413138943
0.0012644994085395165,-0.006709112815278652,1.576308389332576,2.0464412028,0.08079663413138943
0.001104804924205407,-0.0028799564529379375,1.6890187500651743,1.7689618141,0.28004912880526306
-0.00036609141334113717,0.0017239413430447863,2.041543903716346,2.0464412028,0.28004912880526306
-0.002334285886967954,-0.00433025525476907,1.6033276795384281,1.6357163299,0.28004912880526306
0.0008142868798494971,-0.0010378402167228182,2.0297310777521314,2.2034373055,0.28004912880526306
-0.004731453839717035,-0.0022096732780010854,2.2904462433167403,1.6357163299,0.24586383921857397
0.0034326069295576556,0.0034183229091737572,1.4976737981545234,2.2034373055,0.24586383921857397
-0.009562647946461243,-0.0027713387076407376,1.8156241390187067,1.5373550331,0.24586383921857397
0.007989654522506459,0.00436858859502518,2.129035351326655,2.2552154002,0.24586383921857397
-0.0034680359920612413,-0.003491078508084789,2.353704001312288,1.5373550331,0.11432264050357983
0.005705855787063046,0.003404892733664406,1.5131903367508597,2.2552154002,0.11432264050357983
0.007694210400122886,2.8630914448380376e-05,2.174738627969448,1.9478792351,0.11432264050357983
-0.00579719202293491,6.082498390163186e-05,1.6101024168468088,1.859581521,0.11432264050357983
0.006912175377443028,-0.00038400094272141787,2.0024465304669765,1.9478792351,0.06955093741066357
-0.003362274191780854,-0.0019109745215141998,1.6963350154174515,1.859581521,0.06955093741066357
0.008588960539017127,-0.003695759768431739,1.6263999867736822,1.7561326205,0.06955093741066357
-0.004261043836746415,-0.0005864915066046755,2.1693174979594776,2.1281978555,0.06955093741066357
-0.011856508287447795,0.003552712768990062,2.1275704373933357,1.7561326205,0.0027137761345956773
0.007349769005260115,0.005857584041479113,1.838385113666672,2.1281978555,0.0027137761345956773
-0.002914131124667282,0.007134218850311924,1.6368782477169281,2.029030157,0.0027137761345956773
-0.0009612497904334095,0.0011963265476469974,1.9761170263115486,1.7434924224,0.0027137761345956773
0.001297883133866347,0.010944567912371316,2.225957414569412,2.029030157,0.0019732693067404765
-0.0037435736503443765,-0.0025842428145618638,1.6458207139507794,1.7434924224,0.0019732693067404765
-0.009317149791325668,0.00554780937905487,1.9422695061335273,2.1601904103,0.0019732693067404765
0.00593342711553267,0.002671099418965641,1.8248106806036841,1.7562487995,0.0019732693067404765
-0.004565802491414162,0.0026643093709020397,1.5120004370070552,2.1601904103,0.024074191302410824
0.006278511954792253,-0.0022505365018111972,2.419746931850112,1.7562487995,0.024074191302410824
0.0009607809897429459,0.00312152645008976,1.9389614255742256,2.2057559219,0.024074191302410824
-0.0013075489770743433,-0.004062694612727417,1.6903283937753495,1.7198161655,0.024074191302410824
-0.00930640272611822,-0.007558286026358969,2.3278662339846257,2.2057559219,0.03692438041619818
-0.008608474017519685,0.006883795903056562,1.5623524315641766,1.7198161655,0.03692438041619818
-0.002011945244038821,-0.0022893174459821483,1.6474006144379016,1.9770651179,0.03692438041619818
-0.014628185205300478,0.0013761314547635004,2.055391782773707,1.8502288221,0.03692438041619818
-0.005438350295169605,-0.0003425323202828001,1.8735042112190612,1.9770651179,0.00900276571124569
0.00597457524746503,-0.0010317622137855926,1.8649966991994698,1.8502288221,0.00900276571124569
0.0008791107314738033,0.004519087588291618,1.5584632092365633,2.3497402189,0.00900276571124569
-0.002206130599495262,-0.0038162255884234865,2.1387932805842724,1.5967884363,0.00900276571124569
0.003101822825952518,-0.0019079238475250147,2.3846528322331317,2.3497402189,0.13126641086115592
-0.0014784258550958958,0.0019299001324937753,1.4344604704513646,1.5967884363,0.13126641086115592
-0.005670530137762879,-0.0032273913323592994,1.8220597397191294,1.5607528128,0.13126641086115592
0.00620253752916475,0.004617012929621085,1.909633381078543,2.0966294357,0.13126641086115592
0.01079295715317025,0.013220082487397438,2.199100383435708,1.5607528128,0.047228894455804964
0.0009355164480616334,-0.0006156578384892611,1.7945651758635528,2.0966294357,0.047228894455804964
-0.003988198428799317,0.006194757669760464,1.9579414566406697,1.5160479846,0.047228894455804964
0.015617296858777795,0.0057059789592164185,1.986643034795263,2.3829430939,0.047228894455804964
-0.004794577822288284,0.005582860575506107,1.5793366952648784,1.5160479846,0.04931471992569972
0.00618379998123188,-0.0030979514649718105,2.3064900895625993,2.3829430939,0.04931471992569972
-0.00026199509773487185,0.005117640671693844,1.6019411188093604,1.7287654523,0.04931471992569972
-0.0003896412146840932,-0.002226845109958874,2.155477910243401,2.1905507115,0.04931471992569972
0.00014169778613864846,0.002930778198099473,1.5288981592918325,1.7287654523,0.016638520667732627
0.007281243099713194,0.0004066693540749683,2.1542417330121166,2.1905507115,0.016638520667732627
0.010954872215881949,0.00020538168250196847,1.9700035901355868,1.6001966733,0.016638520667732627
-0.0012914368269753246,0.004058468466997801,1.764998700160051,2.164291565,0.016638520667732627
-0.005126294007722827,0.011586291964055456,1.8106887087531753,1.6001966733,0.05109433218517505
0.00657873458678408,0.0015956333204434484,1.987028277638542,2.164291565,0.05109433218517505
0.0023771723891861532,0.005245503810987833,1.445707451230153,2.2690986787,0.05109433218517505
-0.00039867210048634546,0.006357961316594,2.3016584614700304,1.6923340376,0.05109433218517505
