0.011166476825237418,0.014745502898198043,1.8420208872768629,1.8423580187,42.66388754992161
-0.001598943691052905,-0.03454227341914395,2.33031063508111,2.3307602582,42.66388754992161
-0.024163565672773453,0.022612649602263342,3.0621893138159244,3.0625150781,42.66388754992161
0.004347019513658695,-0.033639978568928704,3.8854419801581304,3.8857058466,42.66388754992161
0.004745311927153375,-0.023676654686458236,3.292462422681066,3.2926876418,46.812069386853295
-0.051529941685179784,0.008403711045274417,3.6568189839457284,3.6573147306,46.812069386853295
-0.01721813282203143,0.010377450814344973,4.0859613124549865,4.0861208991,46.812069386853295
0.0030678837569551656,0.0012674605292718147,1.2284633382270953,1.2288340782,46.812069386853295
-0.04847574697596755,0.003954950637328744,1.3828828938438256,1.3840630903,7.6213913644597655
-0.01724558590584275,-0.014836787852861648,1.2085990517557306,1.2091853491,7.6213913644597655
0.02938644987835399,-0.00014398204287738796,0.6139528555861924,0.61538743329,7.6213913644597655
0.16254161606099338,0.12751452747670225,3.877102394386901,3.8827184688,7.6213913644597655
0.1277181158255282,-0.09517396104566356,2.175519901390946,2.1815491838,8.287342933536314
-0.06214201454109765,0.08323789043629005,3.7456610435103994,3.7472212144,8.287342933536314
0.003066126177137944,-0.035183480377572914,1.5094259613652314,1.5101370836,8.287342933536314
-0.0125251989300204,0.02837654642501705,4.269100515312875,4.2693186012,8.287342933536314
0.04119247848482794,0.012593276214102075,1.3348411860172529,1.3358728992,11.178971916449925
0.04820326024483569,-0.0018448939357768397,2.5618278293749435,2.5624575675,11.178971916449925
-0.0018095699736817618,-0.01716765379472571,3.696254735383259,3.6964167881,11.178971916449925
0.009985211629775259,-0.020546755338893437,2.1615316206181756,2.1618604998,11.178971916449925
0.0427799550891786,0.03070225607231458,2.4436624296341325,2.4444137995,105.4789412388652
0.00193929595379846,-0.021173242583419547,1.6170315056158013,1.6174495223,105.4789412388652
-0.018703642945861628,0.08608986953306233,0.7442987433195809,0.7500946015,105.4789412388652
-0.006775116160931875,0.0550146814892873,1.5195409053868654,1.5208474876,105.4789412388652
-0.006379731211502843,-0.03498044626511711,3.3648014634969416,3.3651230619,46.97797608214359
-0.0121062737855553,0.007555055133372487,2.572939304804807,2.5731537667,46.97797608214359
-0.002278326502274373,0.0051182948603906864,1.026583483437915,1.0270370179,46.97797608214359
0.00657359603202097,-0.025111641482295513,4.392226867244652,4.3924060217,46.97797608214359
0.013910874221955713,-0.01942924114793096,1.7997578631797837,1.800166485,9.888659389997779
-0.02158913201957749,0.014042214396030246,3.865926824450959,3.8661290054,9.888659389997779
-0.03530704649935405,-0.054272211973672026,1.7514344574851084,1.7528875376,9.888659389997779
0.007211625470898696,-0.005151283158607424,0.7961934715178375,0.79680774805,9.888659389997779
-0.00011654709446210598,-0.004063066073852343,2.262696796405679,2.262899316,102.04442774914175
-0.008513989323505323,0.0015181413529461911,3.722370870287663,3.722501805,102.04442774914175
-0.016087779571197926,-0.015799683101971378,1.1277175588982458,1.1283418539,102.04442774914175
-0.008617826021610524,0.03465929256074763,2.1662465944515312,2.1667486799,102.04442774914175
-0.009835189647623588,0.03399358363581804,3.6135187051300965,3.6138165043,26.14436199653072
0.07490561109274194,-0.04816034097041721,1.5715453070308647,1.5743522227,26.14436199653072
-0.005656436005556768,0.03444659204022938,1.4087164339757536,1.4094681814,26.14436199653072
-0.005316559166538714,0.02761631760304394,2.686973431223552,2.6872880655,26.14436199653072
-0.0014446248710949013,0.08812875453934664,2.501859465080564,2.5035913299,17.332383663965615
0.011610083420628699,-0.009070248045955416,1.4148048335836136,1.415199555,17.332383663965615
-0.03633236365865447,0.012499159274971925,3.098303752031396,3.0986872074,17.332383663965615
-0.008926561141962636,-0.013793740864142097,1.777649953294744,1.7779789951,17.332383663965615
0.019125559344527195,-0.04887308891282485,4.534024135311821,4.5344271111,2.762663687288868
-0.05213114861728994,0.059832038047856514,1.450172603380451,1.452652095,2.762663687288868
-0.013338760933667626,0.017585296063676387,2.436317611015191,2.4366022792,2.762663687288868
-0.0007137264325552433,-0.00489359137251644,3.3196790581141786,3.319818294,2.762663687288868
0.025152615917830225,0.04572899950305078,4.279423856616934,4.2798472333,14.710203653024305
-0.057284805135522136,-0.022339016213842204,1.6561769275777134,1.6575893931,14.710203653024305
0.0034364151224837557,0.02170990437641435,2.8306798957403223,2.8309241956,14.710203653024305
-0.018530407882337143,-0.045797767425974654,2.566280527122,2.56693135,14.710203653024305
0.007731819539080374,-0.018848534797726905,2.0227675668994536,2.0230926024,10.246797555009424
-0.025382554056721747,0.020670179139615982,2.4309598585532375,2.4313653292,10.246797555009424
-0.04676271158138282,-0.044385710068321885,2.7731587843583108,2.7740703823,10.246797555009424
-0.012988364225015179,0.06380770277716603,3.2196638006206584,3.2204619404,10.246797555009424
-0.1180383035840882,0.0008908439293759392,0.6559506965668689,0.66716201259,11.672577734993787
0.148723915215925,-0.02799264612864923,5.2658812018419,5.2681407748,11.672577734993787
0.018541782061480785,-0.012300152418905346,2.039890618025564,2.0402325419,11.672577734993787
-0.0179523735442581,0.019632337594780346,3.025700492972079,3.025966158,11.672577734993787
0.12445281872631285,-0.03944042461705517,4.5274105900350365,4.5293918688,80.79278497620808
-0.07741043941166405,-0.02778555479240413,1.3386314600931648,1.3414911849,80.79278497620808
-0.053059124220217635,-0.06771899417999884,3.93679273817918,3.9378468985,80.79278497620808
0.06621263941502568,0.07324802120399686,2.0336978779137143,2.0363144268,80.79278497620808
0.05930749715710324,0.028044790583511194,0.9173472822867214,0.92017929004,35.68381106909774
-0.06573698808233018,0.019296307408775536,2.773010963324261,2.7740193766,35.68381106909774
-0.06872014295676944,0.01410577809333811,5.17943535312133,5.179997298,35.68381106909774
0.018294279442395193,-0.011468812638538564,0.3799473892772879,0.38174105483,35.68381106909774
-0.012836939961040088,-0.030908019120493836,4.302918735806524,4.3031534645,8.158734695244089
0.0029371092940956808,0.03530424259563927,1.6821074602877233,1.6827479086,8.158734695244089
0.0565113857654571,0.013831532261116686,2.5509091760651526,2.5517489046,8.158734695244089
-0.0647846183902147,-0.028884709077294506,2.218560549812515,2.219896909,8.158734695244089
-0.10735514831087563,0.042380897480728645,3.4458841342760542,3.447947032,13.91198920624214
0.07775757534505078,-0.021893661726644923,2.440475946569739,2.4419968097,13.91198920624214
-0.018241741155758506,0.03343289975366251,2.9200495078491793,2.9204519596,13.91198920624214
0.03826714397266877,-0.01832141602368241,2.7417944882384626,2.7422868311,13.91198920624214
-0.012313747614532154,0.012715402639553825,3.7771958071597496,3.7773564137,18.96112984579789
-0.01767022592683292,-0.0396067267485651,1.8685836102534878,1.8693275898,18.96112984579789
0.023274809109263127,-0.000592217833137403,0.7871358063264895,0.78805129596,18.96112984579789
0.025124231968982603,-0.019126097019143806,1.212154240512751,1.2129364936,18.96112984579789
-0.004001389634507257,-0.013664637950268576,1.1877333724317398,1.1881974993,16.066403859995024
0.04827239124503381,-0.02258062266910483,1.1565617794624088,1.1581775589,16.066403859995024
-0.08312927504103579,0.1146994804814366,0.9836043241610438,0.9942051668,16.066403859995024
-0.058883898358212824,-0.24306527439705675,1.7377639867135328,1.7559247463,16.066403859995024
0.0033645462771752645,-0.030670184571543392,1.9955262235912234,1.9959902028,59.02325228509792
0.006877849595141151,0.06642828456486714,2.133344947767811,2.1346008264,59.02325228509792
0.043629916665018684,0.01359840569420006,1.9295597641127502,1.9303340046,59.02325228509792
-0.053806862219122266,-0.01566052650389301,3.0395420056648423,3.0402065777,59.02325228509792
0.030457838463039486,-0.01314837316725109,3.1885373791134946,3.1888510749,45.31664636571792
-0.008863061658852107,0.013135089977777282,1.4061412515322824,1.4065504981,45.31664636571792
0.022999332110854358,-0.010884757653888128,1.2192441305037278,1.2198785583,45.31664636571792
-0.008179235871181268,0.03710379101337812,0.7994092246198584,0.80087371015,45.31664636571792
0.0006847068658089784,-0.01123398998190951,4.656144750758073,4.6562549986,9.780406309158678
-0.0197490473447414,0.0200016106019919,0.32471252303344483,0.32730461639,9.780406309158678
-0.015800488553070927,0.01841450742361843,1.5765948013906168,1.5770668716,9.780406309158678
0.00444492310502631,-0.05047206366694193,1.947630814073958,1.9485207144,9.780406309158678
-0.008422301612408017,-0.01651779081204714,1.339284497123165,1.3397487588,26.253309126166627
0.0023656429997283217,0.022966589301257962,3.654442589779861,3.6546386555,26.253309126166627
-0.019717663479998034,0.009977765116784677,3.138208893618795,3.1384300855,26.253309126166627
0.0014753022187668499,-0.0061317019733734745,1.4246798763172432,1.4250096576,26.253309126166627
-0.05309188561277372,0.05581077082005322,1.0902882602335078,1.093417615,0.12223038882909307
-0.008081937416895559,0.023320406544714043,0.824765316134733,0.82567971138,0.12223038882909307
0.017744031070504488,0.0031988793911437224,4.409245448943659,4.4093843688,0.12223038882909307
-0.014793291267380946,0.007080331863013451,0.45509566398423396,0.45637817208,0.12223038882909307
0.010166645037601342,-0.019739892624003844,1.4006536764214625,1.4011508646,1.7857450885370334
-0.027020122616496837,0.006202038048615005,3.5559455206730695,3.5561801274,1.7857450885370334
0.06535868759715241,0.018675750416472438,2.896626332628299,2.8975791021,1.7857450885370334
-0.02272690400810707,-0.02326667633717144,0.7815899316692688,0.78284140903,1.7857450885370334
-0.11664195406934702,-0.04597598233903161,2.4358015396915054,2.4392105848,63.43685692247225
-0.04005216567842182,-0.03953851988235269,1.6121767277513117,1.6134377186,63.43685692247225
-0.0009264863493553608,-0.015315059469607498,3.5891193226107307,3.589277493,63.43685692247225
0.0158079915245455,0.005890863796227883,0.6888947793122921,0.6897540227,63.43685692247225
0.015210650163859184,-0.00052241601643732,1.091976119336036,1.0924941565,28.518506355022055
0.00040234091047590365,-0.015546291438457911,2.5192103586398558,2.5194369768,28.518506355022055
0.011504934828762373,0.004258067706829903,1.739990310345971,1.7402921521,28.518506355022055
-0.0012012812767643597,-0.019858540908322054,2.6064339141638913,2.6066824804,28.518506355022055
0.005599126176437572,-0.04001194534572069,1.812262076422621,1.8129606006,28.5588719966329
0.0839188188821759,0.03324757335737865,1.9466605012719465,1.9489830365,28.5588719966329
0.037591882176675834,-0.0521342115323778,1.853917138932871,1.8552735334,28.5588719966329
-0.0019432523082583161,-0.007145831418925282,0.9987944675185583,0.999272349,28.5588719966329
0.007133979498337173,-0.006431810259348148,0.799879605303392,0.800499622,55.61644904840864
-0.01144827298259015,-0.008571078832747015,4.049866654948764,4.0500030185,55.61644904840864
0.0016142416142945234,0.003335889777551485,3.7076710488667173,3.7077942689,55.61644904840864
0.001353627529177279,-0.0031236516904445625,1.2536421636659034,1.2540056874,55.61644904840864
0.02096075341790024,-0.0179295319791318,1.6561311167889126,1.656632457,10.735004864178368
-0.01568978798957141,0.00664757300520659,2.8739733661462084,2.8741804517,10.735004864178368
0.03647306889125432,-0.02465401345426834,0.4750059471946604,0.47798405308,10.735004864178368
-0.03914390223786585,0.018871895584197357,4.511454219560743,4.5117632439,10.735004864178368
-0.0112229542917787,-0.006510355940287224,3.806550028762537,3.8066903552,4.507165743010283
-0.00039625035498742526,0.006643261638858868,1.108404992920278,1.108830879,4.507165743010283
0.014627073460551927,0.020416805817517387,2.446813340772485,2.4471261352,4.507165743010283
-0.002303017873174494,-0.032439590257446464,2.2711923036596438,2.2716232326,4.507165743010283
0.011838370105988528,0.0039912046230684015,0.7827898842153636,0.78346415332,8.151423334609632
0.01191143821754181,-0.0035295278072720333,1.5891676525641085,1.5894993451,8.151423334609632
0.01792637959057815,0.015292122219489666,1.8443867215662992,1.8447811747,8.151423334609632
-0.0034294179912420257,-0.039530296095953106,3.014462773985541,3.0148731683,8.151423334609632
-0.004752617595274058,-0.017435020047318155,2.075433452328405,2.0757289279,78.05408460100932
0.007440753059699748,-0.013624687535504236,1.8034615947149304,1.8037779022,78.05408460100932
0.027429643755283013,-0.02377920634920954,3.8352954751508777,3.8355845992,78.05408460100932
-0.01841861544537335,0.016329061996899298,1.1375630049746277,1.1382247027,78.05408460100932
-0.010948128703636248,-0.03049481764775544,3.5973992701927164,3.5976702607,2.7839715399557114
-0.005514124943428194,0.013607467146259681,1.3297244257007352,1.3301438332,2.7839715399557114
-0.016335975985535774,0.006659588859442675,2.414340692405842,2.4145915168,2.7839715399557114
-0.015489189957206566,-0.011367674184885478,2.094189756961377,2.0944927493,2.7839715399557114
-0.010477433973279104,-0.012893660901140382,3.673741966166238,3.6739020207,0.32780706012738475
0.0012748245327906008,-0.0025950861948875192,1.1436569306928719,1.1440539911,0.32780706012738475
-0.008495578905051407,0.042282788450477636,1.9178740980284186,1.9185935122,0.32780706012738475
0.010755455372988866,-0.010761254357715855,2.833948118977256,2.8341477424,0.32780706012738475
0.007084309339341669,-0.02070744924305125,2.8599605584037917,2.860201633,46.70970105178466
-0.006477658374688673,0.014242284676536387,2.078824440201344,2.0790997705,46.70970105178466
0.01701564833087493,-0.032344493850383356,0.9232845249868805,0.92449446329,46.70970105178466
-0.041645260515661954,0.037337625823981244,3.9868107299298354,3.9873159171,46.70970105178466
0.015460001784726474,0.024263114378959776,1.5489874320553285,1.5495450219,15.080038105630102
-0.009079973558230366,-0.027148829927541546,3.429065687000846,3.4293164028,15.080038105630102
0.013318794752434011,0.007195189973192298,0.8450418755000313,0.84570972112,15.080038105630102
-0.011365197900215129,0.0065900778390842836,1.9405962211983898,1.940872559,15.080038105630102
0.06632942253071696,0.09226638165621141,3.4422921801569784,3.4442979156,2.878755904935127
-0.015421886175527163,-0.029751404245260682,1.502057077232952,1.5027303297,2.878755904935127
-0.015017930345700495,0.0002665887397624727,1.849910280069571,1.8502144885,2.878755904935127
0.0245275081058289,-0.009153743102204782,2.4114601411001155,2.4117888385,2.878755904935127
-0.010356412362342552,0.002413058862920864,1.0553991422914655,1.0558789834,31.430692709281157
0.024537930148429296,-0.007961421266966947,3.874681915598909,3.8748839262,31.430692709281157
-0.01647741301722925,-0.018555255180426708,0.323054127230505,0.32539172048,31.430692709281157
-0.008714050384967939,-0.021666594193462937,0.8362696687842414,0.83713340329,31.430692709281157
-0.008244239029941845,-0.013984267366757583,2.067984590641654,2.0682658906,14.179394583400892
0.028682997399369952,0.00489199147961994,2.282752250692951,2.2831347932,14.179394583400892
-0.011802562241260417,0.02005554627363678,0.7387536730170485,0.73972867648,14.179394583400892
0.004667338754571187,-0.019140308767480626,0.7930013871102398,0.79381316154,14.179394583400892
-0.03560156887623457,-0.032795680690697444,1.751035979492436,1.7519617661,2.7691087945091897
0.04473670003759244,0.0064895785418424045,1.0965080171432744,1.0978494062,2.7691087945091897
-0.007104619110676204,0.006068515480030754,1.8070147949662416,1.8072879604,2.7691087945091897
0.019896777109705957,0.0008451589043951289,1.4756270049035491,1.4760662769,2.7691087945091897
-0.006374092197568231,-0.012080859651393208,0.6608160423030596,0.66163767878,22.23316770235812
0.03397367446256369,0.021510536773004366,4.279015057831542,4.2793091474,22.23316770235812
-0.01800142803743079,-0.009335280268444164,3.374087510841255,3.3742818095,22.23316770235812
0.006054815037753738,0.008483879910940626,1.5949019714304693,1.5952181467,22.23316770235812
-0.01192858609675134,0.008649591122146846,1.242828585504207,1.2432779253,23.693390428493736
-0.044005399886658525,-0.05125259372118496,3.610527945093443,3.6112844454,23.693390428493736
-0.002516789045343729,-0.004966043462421243,1.7480956089707917,1.7483618773,23.693390428493736
-0.0004941050289455916,-0.008194881347586528,2.7837158617556406,2.7838896169,23.693390428493736
-0.040670028883647596,-0.009405385417765833,4.205436471291123,4.2057506377,16.25083329318276
0.024296047742740905,0.008284917332860662,0.7813577961832009,0.78235474272,16.25083329318276
-0.022000451963170443,-0.014674007312517515,1.6161760496122632,1.6166707673,16.25083329318276
0.03561946332931415,0.012254314850220657,2.411329570691061,2.4118103601,16.25083329318276
-0.030764213621887068,-0.012543470709292702,2.0007991957206377,2.0012998769,34.54778850181484
-0.03155445454735882,0.001020555435393153,1.110454627458431,1.1113083302,34.54778850181484
0.02770781706056421,-0.032348698082741115,2.51318152087472,2.513721448,34.54778850181484
0.061336979790660384,-0.012206909908048713,2.2497614814263556,2.2508305038,34.54778850181484
-0.010075479750017208,-0.00250911092125334,2.5890882844201135,2.5892829037,9.218595663865488
-0.07988518413744529,0.004441478082117,1.6515418790333716,1.6537508722,9.218595663865488
-0.016892238796357276,0.015684170563032753,1.1193643115909495,1.1200034835,9.218595663865488
-0.002268157768705863,-0.019450779070811174,1.8345148308444936,1.8348646113,9.218595663865488
0.01113193520577486,0.05775693544061671,3.7022745414194356,3.7028632926,81.81249547202233
-0.009054411277669957,-0.05546407878008553,1.2757980033260425,1.2773874869,81.81249547202233
-0.034429361309223555,0.039289810482984196,2.7300074689701246,2.7306720511,81.81249547202233
0.06405931167309842,-0.03472036733571691,1.741150224183197,1.7429323574,81.81249547202233
-0.011235081924803375,-0.006517548770489911,1.344170127810497,1.3445676026,19.28077739948972
0.0038876969161797293,0.014377657130106747,2.593639296765705,2.5938555536,19.28077739948972
0.0002665602653113847,-0.015125810085526945,2.0478547174639465,2.0481303194,19.28077739948972
0.010181572640646045,-0.0083108242315324,2.4741453729095633,2.4743621523,19.28077739948972
-0.008212686407648299,-0.01254028306240545,1.4947555876014165,1.4951317579,174.4844682829158
0.013565095736275684,0.011462667550337305,3.2306336258620028,3.2308217266,174.4844682829158
-0.025612087318967594,-0.03183402381694079,0.5820128092948214,0.58421596544,174.4844682829158
-0.03162117093500387,0.010054921036110404,3.626781037799547,3.6270568918,174.4844682829158
0.07246045395852671,-0.09242515495147854,2.687048338547255,2.6897809763,6.210802194629137
-0.07686601587650621,0.06677891932808068,1.8428051943336234,1.845859906,6.210802194629137
-0.011174871517016365,0.11167777171660555,3.6049440256416467,3.6068155248,6.210802194629137
0.05236647567572958,-0.13483385140525975,1.3615306477756008,1.3695211281,6.210802194629137
-0.001279348358025278,-0.013885428412353542,3.538193713814347,3.5383483716,37.95930454514468
0.007843601297780065,0.005484439064023405,1.4334251108318472,1.4337709544,37.95930454514468
0.0020474830733758667,-0.001771799435485931,0.17803026797819235,0.1805605377,37.95930454514468
0.07046852750154028,-0.03976591854190477,0.5190731114455202,0.52619771633,37.95930454514468
-0.04075076247140438,0.009115035257178824,2.5779408334677214,2.5784535383,8.382166451296047
0.04175999915403568,-0.005949574656810889,2.382462533805256,2.3830247627,8.382166451296047
0.017271260762023337,-0.005142030193175384,0.3780683329395711,0.37968460766,8.382166451296047
0.03180611861541278,-0.018875683549867447,2.293661602177213,2.2941559376,8.382166451296047
-0.054166429295173985,-0.04129762763531942,0.9410640941970578,0.94400271477,35.540570582348636
0.013244445464920521,0.007630722988975111,1.1641857599756626,1.1646725407,35.540570582348636
-0.004482345505472959,0.00013152632043304544,0.5846002324633034,0.58538665899,35.540570582348636
-0.06396817851977353,0.06857459509309746,1.7698331234746858,1.7725697978,35.540570582348636
-0.0002463028423389323,0.020432725085780323,1.157475690034734,1.1580447012,15.183673998729642
-0.021393726076512493,0.022089383163342,2.77713066180892,2.7774629331,15.183673998729642
-0.09080734512555129,0.013526699730666588,0.40178111692378216,0.41322755408,15.183673998729642
0.020006223461935434,0.03632191435334719,2.08833427281786,2.0889613605,15.183673998729642
-0.04120111241033176,-0.0014390352317635272,1.7012672110355038,1.702031059,3.2169919711150192
0.009756729166281085,-0.00856831525319863,0.9484927406391344,0.94905589342,3.2169919711150192
-0.0181390752804067,0.03176677248381112,2.0172025490214915,2.0177572395,3.2169919711150192
0.020507021598952034,0.02549223889727063,0.9300234813301849,0.9310822026,3.2169919711150192
0.0012065838757709408,-0.024734999701227296,2.8420168985149488,2.8422831188,7.966201979288832
-0.0010499619451355285,0.018892922389724714,1.1071355282786457,1.1077035357,7.966201979288832
0.039008653399863716,0.0038090859411546336,2.131128806540403,2.1317003013,7.966201979288832
-0.02037329382260816,0.0007998492085321375,1.6470639027614171,1.6474632654,7.966201979288832
0.05481383417418035,-0.032331404067390844,1.6540012260141392,1.6554968837,5.878670245573479
-0.04715700359879501,0.05436601759706991,2.32647144806824,2.3277776624,5.878670245573479
-0.034915105115543216,0.019841723919944453,0.9777450729367061,0.97902920602,5.878670245573479
0.006913936841189701,-0.009854911149959702,0.29874269923169444,0.3004864758,5.878670245573479
-0.010528489860864057,0.029429327992603276,2.141399843968549,2.1418380485,11.685254434866794
0.013695718223524658,-0.0047575160419907475,1.5538416983052867,1.554198903,11.685254434866794
-0.0025038855966872118,-0.05910013573019284,2.1775967970029892,2.1786066432,11.685254434866794
0.026706248547234992,0.02897914399789781,0.7180420760857419,0.71974817647,11.685254434866794
-0.004824388302833262,-0.02875904041648091,0.8986808569855728,0.89965417792,8.484592603402197
0.02937611340675371,0.013390781294790865,2.257366699901475,2.2577968657,8.484592603402197
-0.021149028764059385,0.005001148559551116,2.092129169343032,2.0924571092,8.484592603402197
0.00569751350447987,-0.0028958266212331875,0.7932230311775931,0.7938158632,8.484592603402197
-0.0786701301374083,-0.00962053532170059,3.0655676700759122,3.0667387701,131.4889280157906
-0.0006055767107257667,-0.0228398741770454,0.8781621698874468,0.87897145755,131.4889280157906
-0.014727244866766357,-0.0050969540912985944,2.331806957059962,2.3320520054,131.4889280157906
-0.018671968563826816,0.00159892722711884,1.1880221260601098,1.1885485984,131.4889280157906
0.05868391086410586,0.008554553024603086,1.857187883522123,1.8583766617,17.08233820024889
0.025314279341538383,0.0030649905344506956,1.1544334248992636,1.1551046443,17.08233820024889
-0.03511070381103758,0.011673851554716237,2.2304719019064287,2.2309804897,17.08233820024889
0.015262501496838034,-0.011757938274601823,1.1891014639899375,1.1896358622,17.08233820024889
-0.04509694694653936,0.057600005896680836,0.7493012801688754,0.75346128219,5.807099628494123
0.051086480767283185,-0.06938252955436228,3.2370045943724435,3.2382900593,5.807099628494123
0.05138644749137168,0.01955524824218662,2.813307783122833,2.8140049143,5.807099628494123
0.004299493233352865,-0.048541171543489595,1.1422172507680628,1.1436498498,5.807099628494123
-0.0005402424135116262,-0.050599814400573616,1.8628293215779976,1.8637579548,18.526920343105356
0.023193848125945372,-0.0036051316919004425,1.3315973118776452,1.3321420167,18.526920343105356
0.010047916250029515,-0.014866789507964679,0.46875656917270414,0.47005819128,18.526920343105356
-0.026699069999460225,-1.8020937159537708e-06,3.3066710202568026,3.306914888,18.526920343105356
-0.0005697257596112429,0.028759899296682972,2.302803550192043,2.3031785965,4.311247356057071
-0.015443257823315999,0.007736245993181927,1.4139609191957603,1.4143846099,4.311247356057071
0.013663409808816952,-0.008415589434151083,1.9866947683995602,1.9869860628,4.311247356057071
-0.01719441029841302,-0.014359957539656394,1.092600911438187,1.0932422457,4.311247356057071
-0.019805897628487834,0.011136539181236138,1.1501785384188004,1.150794059,35.02623314806622
0.007980470460986865,-0.009469291027132428,2.7174415220304047,2.7176353289,35.02623314806622
-0.003344105071422658,-0.026326225453976875,0.41680135578729943,0.41872141499,35.02623314806622
0.011182026687790983,-0.06524151724503763,2.617607711016228,2.6186163564,35.02623314806622
-0.010078729662614128,0.06774795602532618,3.3396257595454757,3.3404627793,28.63657868027787
-0.03315935662804242,-0.0377963153856421,0.5421502641916338,0.54530268049,28.63657868027787
-0.02837632412369319,0.004143347403565857,0.7311837112782598,0.7323605688,28.63657868027787
-0.012265705126574383,0.034051489692271265,1.7673804636238442,1.7680055585,28.63657868027787
-0.004868895248067001,0.009503895014789177,0.2408670781586924,0.24296291796,17.154309240036827
-0.0027749207897685806,-0.09719776087387212,1.1100842468929795,1.1147385972,17.154309240036827
0.023199063594895975,-0.030034381931092848,0.9911596574521324,0.99233952214,17.154309240036827
0.08013544399443079,0.051784036105963625,2.343674828194351,2.345807958,17.154309240036827
-0.0028480217341128244,0.011095393441715182,0.7580470344655051,0.75872691098,1.2658297295938468
-0.013575838949577387,-0.006042602253909009,2.0835908380777832,2.0838597835,1.2658297295938468
-0.012662035567399935,-0.014418648882581812,2.5659295807241955,2.5661766965,1.2658297295938468
0.010734209100018518,0.003658753175845567,1.279255207785605,1.2796571793,1.2658297295938468
-0.04112541565339143,0.01140370702645561,2.5049583426734534,2.5055014753,5.558586835282462
0.003753190437204449,-0.03446175742039744,1.4434691956058394,1.4441970149,5.558586835282462
0.0022379405902150603,-0.024854547300297677,2.8663832884821177,2.8666488996,5.558586835282462
-0.011180387788245906,0.026002886512466936,1.0448481971477594,1.0456619464,5.558586835282462
-0.05831628133814095,0.00716498846063397,1.840623373343668,1.8418052362,23.095003296136476
0.10151248691990206,0.0023777332942058133,2.1352525461424112,2.1378760194,23.095003296136476
0.04429533684552851,-0.002326318343968984,1.8385189385643437,1.8392986098,23.095003296136476
0.037433710350675345,0.05763286953996415,2.1453812464248836,2.1466912966,23.095003296136476
0.024128481365440647,0.045177176871384075,2.2036782639525234,2.2044775008,2.624771008105857
-0.049518265381555605,0.022350113761940082,0.98053792173239,0.98249997565,2.624771008105857
0.007408331696951866,0.014438535815188197,0.9725024778392745,0.9731004183,2.624771008105857
0.014296826824451193,-0.026027193741784527,0.695239884386363,0.69652014394,2.624771008105857
-0.013620560708373069,0.01620291344597771,0.47246829077357577,0.47389275144,0.36267742177854356
0.012915983816665534,-0.030886799058841456,3.5102626702370725,3.5105505026,0.36267742177854356
-0.020910035306100833,0.014437373745960061,0.6128849563686631,0.61414463856,0.36267742177854356
-0.009695602979089155,0.006631391447636367,1.5368471672955426,1.5371848281,0.36267742177854356
-0.012012263890384787,0.005327925095848182,0.33127788629293914,0.33289295459,43.14597698321277
0.024175817427672972,-0.009246693287380715,1.413332289872226,1.4138875956,43.14597698321277
-0.027689842478574242,-0.035832830456634275,2.3172350933669805,2.3178716955,43.14597698321277
0.03875941865375741,0.002701717083715436,1.6244845122047238,1.6252259911,43.14597698321277
0.013546714232807124,-0.002656234002787823,1.300810221077595,1.3012293419,41.99088115782872
0.0013437755348875676,-0.01963509980882754,2.617955282546464,2.618201139,41.99088115782872
-0.06094753480007624,0.10359196812630499,2.793192759857341,2.7959384277,41.99088115782872
-0.032663920983225916,-0.008732493861858053,0.08813903134258948,0.099053909711,41.99088115782872
-0.015155762868674427,0.005194972877075399,0.6286529138312007,0.62957221266,47.32447582597571
-0.015895196536532066,-0.030732463296454147,2.6465160142526147,2.6469121926,47.32447582597571
0.008500750961150947,-0.036243307182029186,2.084069636652566,2.0846179723,47.32447582597571
0.028956419605161522,0.04777733758266359,1.6323834489109927,1.6336146647,47.32447582597571
0.01745106043868956,-0.036449122537357694,1.0952476861536342,1.0964034713,30.67626665976195
0.015331227372995243,0.07043169169870385,1.452012780872867,1.4541103073,30.67626665976195
0.009222910653902483,-0.0225746547098438,1.6365250206079183,1.6369816188,30.67626665976195
0.03931811909078368,0.009614049088735225,1.2570148470584657,1.2580241135,30.67626665976195
0.037850793777232085,0.04182019592003515,3.4625298934791022,3.4631192406,77.30126140843582
-0.009967137784519312,-0.032890163672853995,0.23019646926613874,0.23467322209,77.30126140843582
-0.016216679971124318,-0.014724302791723954,0.9617706242749752,0.9624876724,77.30126140843582
-0.010809258879518488,0.011036421576321488,2.9907636905642367,2.9909540443,77.30126140843582
0.06032595698778963,0.009156577173848579,3.328592688475307,3.3292870632,9.844956371705843
-0.04749790882621603,-0.02156662667532355,0.6602383198091163,0.66297496912,9.844956371705843
0.02246204820958486,-0.0016331137185646844,2.399973403494224,2.4002665577,9.844956371705843
-0.011509189317748261,0.005288791572911006,1.4927677618876618,1.4931229098,9.844956371705843
0.00925955175283582,0.023036532908996495,1.989405904705628,1.9897869923,0.16513545695749116
0.023339261604802625,-0.018517823251617077,0.5142652909455264,0.51600040735,0.16513545695749116
-0.04552030380100101,0.009546520607799886,1.5796481340203152,1.5806174305,0.16513545695749116
0.039083393467062105,-0.020276038602389967,2.3408370136407926,2.3414432629,0.16513545695749116
0.021590449911967013,0.0009954258935421056,2.920036590148582,2.9202706769,1.5287578166832718
0.010760873077390322,0.0160664738913686,0.605469136951035,0.60652024185,1.5287578166832718
0.1371701370826701,-0.021331105881193302,1.540078121529643,1.546612842,1.5287578166832718
0.02174711144830095,0.0007653958609599914,0.6401096490011753,0.64118163217,1.5287578166832718
-0.04300469980879188,-0.10132759994804054,1.2438497917889078,1.2490712515,1.5286358263313413
0.035459236570892706,0.10180702084858821,2.716945377673684,2.7192488324,1.5286358263313413
-0.11689420770063624,-0.013739298372309368,1.9963711071231738,2.0000626544,1.5286358263313413
0.0709634089693829,-0.028483693278032136,1.0321827981764495,1.0354460175,1.5286358263313413
0.009982313687082517,-0.010045490574310723,1.2674161538771858,1.2678502536,1.865439199051025
-0.02571594617187613,-0.026175994613779504,2.4316647299759855,2.4321266109,1.865439199051025
-0.029884152327552302,0.009367768381774604,0.6692359828705878,0.67063970835,1.865439199051025
0.034902014846526726,-0.010491183961494895,3.2979662391896096,3.2983040385,1.865439199051025
-0.003526448451655013,0.0011311221064719905,1.688607531151681,1.6888780624,7.5145233491853975
0.005295544796909463,0.0195217706019398,2.2739007468169543,2.2741885913,7.5145233491853975
0.0051711100679542425,-0.01835588974747793,1.5436262594644292,1.5440355268,7.5145233491853975
0.021087603156367075,-0.014490477637368228,1.9618925325226821,1.9622887072,7.5145233491853975
0.0120266529251009,0.0014897841041976267,0.23509513937120774,0.23731115522,2.722784631671325
-0.026810218006920378,-0.02211204326016955,3.652852488198039,3.6531409815,2.722784631671325
-0.04606021224545955,0.03603051238015214,2.2398746335610644,2.240838708,2.722784631671325
0.020156824574330393,0.004642683550053015,1.1633182253463068,1.1638888029,2.722784631671325
-0.027250114953655116,0.07079680851560652,0.2901648179161324,0.3014139652,27.760433095807517
-0.0021439931872436657,-0.2184007186153713,3.221261590175909,3.2287969435,27.760433095807517
-0.0010404920762269512,0.01737385666693309,3.253424012775584,3.2536088794,27.760433095807517
-0.0038399047266582053,0.008653826715247406,0.6884868537378064,0.68920518088,27.760433095807517
0.015999229459865847,0.03602177465490012,1.4793985546745327,1.4802275593,53.12549881486533
0.05359708022924153,-0.01029462916974371,1.188489321139719,1.1901199489,53.12549881486533
-0.028301548649364437,-0.023055256199856863,1.6083589781904932,1.6090528659,53.12549881486533
0.03039261033795619,0.03229489452367274,2.117647855493035,2.1183245999,53.12549881486533
-0.017142751981144854,-0.0046607747448846664,0.89559688099881,0.89627527581,24.748662055646804
0.035625757295102596,-0.004730189214718838,3.088927499152691,3.0892822248,24.748662055646804
-0.05690086969947368,0.0034311352252902935,1.6749589475266562,1.6761971715,24.748662055646804
-0.027045484548534494,0.027787087975948418,0.5927623643154036,0.59478634907,24.748662055646804
0.07584594790526483,-0.0023524036622506236,2.0014603666651176,2.003122997,37.8060061359331
-0.07892408790430538,0.030280634294573346,1.9286762973146496,1.9307610386,37.8060061359331
0.01650180157208373,0.019628134594446157,0.22268562809219403,0.22615583583,37.8060061359331
0.004086986425057304,-0.06324911544804986,0.18328214130290427,0.19623836879,37.8060061359331
-0.03170706675922519,0.025643296600643923,3.2984220262113,3.2988105098,57.376477350188026
-0.010496118135304041,-0.007927589511327535,0.6499723640480422,0.65079727197,57.376477350188026
0.01105661898724581,0.09108371199929026,2.93608030861304,2.9376667732,57.376477350188026
-0.015165486858491672,-0.07997421515059075,0.9273872550175026,0.93143598161,57.376477350188026
-0.028569473203820875,0.031215624081864807,1.5016517896192103,1.5025474126,23.176451269850144
0.04234275456269183,-0.010296881126130909,1.9920689708661719,1.9927713665,23.176451269850144
0.032443494243788736,0.008234409473551283,1.2217026762449597,1.2225292696,23.176451269850144
-0.015902775140832742,-0.005221675176802782,2.1698904502317293,2.1701623741,23.176451269850144
-0.075903896800086,0.018197232240329996,2.156791032103039,2.1584114753,15.317869369443756
-0.00736328359676399,-0.002220875274822473,0.12522955061198343,0.12900228904,15.317869369443756
0.010920464377898276,0.01062316951751949,1.3778104576514272,1.3782212324,15.317869369443756
0.007559590259581974,-0.01827104156121103,1.8322004826981444,1.8325527516,15.317869369443756
-0.014072995761081423,-0.026495565805414265,0.6305431703841469,0.63196895013,34.34238780293195
0.010235947346937904,-0.024536029819796867,0.9934760905409605,0.99428443307,34.34238780293195
0.005613795822529716,0.011003415512732807,2.560909724371137,2.561115227,34.34238780293195
-0.02150394236739989,-0.006123799759928447,1.418072455072188,1.418565969,34.34238780293195
0.019229696124231525,0.030026974607377358,2.853656911543899,2.8540373455,9.480774144991102
-0.00922139011910193,-0.01132265962610604,1.1238554654240611,1.1243506321,9.480774144991102
0.03559802936745223,-0.01048067398110163,2.49246000903685,2.4929167577,9.480774144991102
-0.04563114075748934,0.01988947722959971,1.4441752256521772,1.4453442063,9.480774144991102
-0.034244561680402144,0.016659063100638572,2.1454113987790215,2.1459590593,32.98758948573858
0.017439991374076577,-0.035261767412957765,1.8505291722069128,1.8511903638,32.98758948573858
-0.01003070843746669,0.07837646163448128,0.6381504191739954,0.64372310999,32.98758948573858
0.0022797901901536214,-0.08784077785306606,3.3523713874471484,3.353656977,32.98758948573858
-0.1312368092578382,0.02674913307668878,1.9940573875412693,1.9987754954,31.23956345960888
-0.012154013019201262,0.01873759831667436,1.0551270384208558,1.0557896972,31.23956345960888
0.06486545371789368,0.023051028069566885,1.6236503045289936,1.6253858583,31.23956345960888
0.05838465389275839,0.016657286231224682,0.9117304006957943,0.91424206671,31.23956345960888
-0.010889609849739372,0.05178048393400866,2.4230445401114844,2.4238078813,13.582105526125128
-0.01891846177430189,0.0020404336725596034,0.5662567261297345,0.56737003045,13.582105526125128
0.013044957507195917,0.019212021183106682,1.7737030177722144,1.7741086968,13.582105526125128
0.025936274763462844,-0.00919028547864353,2.047101979717721,2.0475066952,13.582105526125128
-0.0018193236032125024,0.003259799638846767,0.8694913014550929,0.87001670072,80.25365605483353
-0.01835770236464003,-0.00428391267326982,2.7888570391419005,2.7890820966,80.25365605483353
0.00057074141213233,0.01736430598983474,1.697529888716973,1.69788385,80.25365605483353
0.054427035330054496,0.014751524776223181,1.2011808477306316,1.20287794,80.25365605483353
-0.017809786178430265,0.06292275041360097,2.241252769841812,2.2424072866,27.192177234991338
-0.003976753345058584,-0.031132131555406756,1.6761798126486571,1.6767420161,27.192177234991338
-0.02350085515471917,0.020769154356330168,1.839197509611857,1.8397095226,27.192177234991338
0.028373281714076607,0.010920947218374692,2.05749425051448,2.0579375358,27.192177234991338
-0.045068301895699166,-0.01768629826439533,1.8694483097404586,1.8703157327,47.9470167738301
-0.009010857640819544,0.012893798383275886,0.1789990175936064,0.18217599702,47.9470167738301
-0.029724141138277524,0.0009390892797280663,1.5500728081894228,1.5506482893,47.9470167738301
-0.0384849720238834,0.04531596537354867,0.9875435174213036,0.98978625399,47.9470167738301
0.019194797394428077,0.02016376804990089,1.7506610633291035,1.7511393937,4.332368614343536
0.02995443747623546,0.008597316514868215,1.9436685447014037,1.9441498383,4.332368614343536
0.03866289329469052,-0.09825121141426885,0.6102659963181298,0.6200586312,4.332368614343536
-0.007960842892202166,-0.04396405461226682,0.5115252666087607,0.51434843394,4.332368614343536
0.03034838347726107,-0.011718722252129221,1.336802781820953,1.3375350576,86.94115381187055
0.0032451742836232173,0.006347201268378275,0.6628924938971158,0.66360928006,86.94115381187055
0.017244511016880616,-0.019225462204248884,1.217625215595356,1.2182685078,86.94115381187055
-0.046786856780828986,0.017935818001937148,2.53782948793746,2.5385013715,86.94115381187055
0.04946483907154199,0.014545061608219785,2.3162817885545897,2.3170497736,32.762656893589956
-0.01541173231400078,0.0056323615851271575,1.5794514060549845,1.5798215055,32.762656893589956
-0.025432824169653843,0.011922900871010991,2.3346963907873897,2.3350580766,32.762656893589956
0.035224608050951685,0.0016497217040543236,1.5479452647157654,1.5486374777,32.762656893589956
0.0003763694512132898,-0.018572515300883195,0.574466141233284,0.5755488054,11.816649711486654
0.022040807976013536,0.019441026143633248,3.258321362654945,3.2585920047,11.816649711486654
-0.07142699953951256,-0.07072467133610728,2.3893175605420534,2.3916191588,11.816649711486654
0.04140703282791208,0.053211586928701336,0.6039769904465376,0.60846875051,11.816649711486654
0.011768547637484156,0.0313373222841223,0.37756194877190624,0.38022828885,10.091539853018274
0.027629157102583544,-0.0024041668917019732,0.21714325087470726,0.22095325692,10.091539853018274
0.05894787050167384,-0.06296774020033184,1.7661788724356489,1.7685382657,10.091539853018274
0.028310900014015202,-0.01746428100368213,1.1164964497166712,1.1173946619,10.091539853018274
0.02718190493537917,-0.0019746492970051403,1.7072320144497768,1.7077130632,1.790273072047861
-0.018557814438378395,0.005108205322216781,2.2382924354702163,2.2385762245,1.790273072047861
0.015756357526692202,-0.01816950967069724,0.6113232667475318,0.61253124847,1.790273072047861
-0.015500218371372025,0.022501865612805188,3.1988279931967374,3.1990853569,1.790273072047861
0.02679986916280713,-0.024922557258138994,1.4899584974762523,1.4907097944,8.230905769919403
-0.03446710307198734,0.04118332392685028,2.031571931659498,2.0325030285,8.230905769919403
0.0718544801857026,-0.04651769135947045,1.7159785949109883,1.7183740862,8.230905769919403
0.003161381066325976,-0.030368937096831698,0.869059492419258,0.87011302027,8.230905769919403
0.005144250700562664,0.010506521742524465,2.789253948206961,2.7894398072,57.06347520012346
-0.01828796912851244,0.005470413129190495,0.9617674777130388,0.96242457181,57.06347520012346
-0.04175516262695837,0.04451206519694691,1.4421870355326476,1.4437895494,57.06347520012346
0.0030330232916069046,0.002701668349631619,0.4825308450378864,0.48347959073,57.06347520012346
-0.005076867606388373,-0.009943490846627115,0.7677938690777851,0.76846084675,51.63698736940545
-0.014040139308140305,0.027361880357231656,0.6013523089656901,0.60288506161,51.63698736940545
0.009480469084494273,-0.010252954289675736,0.1578932435114681,0.16132352188,51.63698736940545
0.11058125036033566,-0.006818937346131638,1.6584741834712426,1.6624413758,51.63698736940545
-0.042514977508517564,-0.006796443065188534,2.07890584958221,2.0795680433,4.985228757009366
0.07435034045572163,0.025235052348102853,1.8790967478727134,1.8809756428,4.985228757009366
0.024799640855508603,0.023582053831437532,3.2122358746640027,3.2125582407,4.985228757009366
-0.005061016828449977,-0.013599775239509136,0.6721309276984617,0.67295657493,4.985228757009366
-0.02885696174980221,-0.020807945624595266,1.7024145326240043,1.7030504795,9.071585902425864
0.007499521096975324,-0.017055228608860846,2.2719749951210546,2.2722494365,9.071585902425864
-0.03089284515173021,0.0035173368693928336,1.1188773094521989,1.1197112008,9.071585902425864
-0.033051621620622265,-0.007044051204961345,1.7503120222037745,1.7508952577,9.071585902425864
-0.04429119988088856,-0.021125922920224836,2.142678397915786,2.1434501935,2.242793360958186
-0.004345549469479726,0.02982905149823477,1.1157676340205036,1.1165778384,2.242793360958186
-0.08031124799414188,0.21605403463887227,2.5812678080401295,2.591712318,2.242793360958186
-0.059686480819756534,0.10769726080092391,1.3591539416664593,1.3650496742,2.242793360958186
0.017772117801248176,-0.022393213195395677,1.4912771482424407,1.4918528202,61.91824782435845
0.004014332678008125,-0.023225779530527818,2.484831770282568,2.4851246404,61.91824782435845
-0.0037932566035642906,-0.009121201233597335,1.2330689272045652,1.233473374,61.91824782435845
-0.0018223590109499948,-0.0049431030525778396,2.382296667655258,2.3824913784,61.91824782435845
-0.029192450489485114,0.0235223785159562,0.6011798561249666,0.60309428854,14.549826293389708
-0.01518149674525268,0.0263457654933621,2.3621285041437385,2.3625146872,14.549826293389708
-0.05908180491110082,-0.10305537777902861,0.9068064518774006,0.9150459069,14.549826293389708
0.00809459387369828,-0.020224355715113284,0.32919201529476383,0.33127319533,14.549826293389708
0.013798831026496398,0.008545174547162436,1.082815516035974,1.0833526062,0.850270065205868
0.007424339636974882,-0.028496718470873515,2.249333901561421,2.249726691,0.850270065205868
0.027822128796879127,-0.003063574387860823,0.8676156757174491,0.86858529639,0.850270065205868
0.003670892352430406,0.030279289152954587,0.27351079925307564,0.27683653681,0.850270065205868
-0.008309659144344951,0.0011338948956832445,2.376582642440032,2.376786779,32.44269949859121
0.01568980416548284,-0.024924566290506954,1.5904802365855506,1.5910357592,32.44269949859121
-0.043900919892411565,-0.015108266952555755,1.29582593200615,1.2970043934,32.44269949859121
0.037574838207756533,-0.0019348695503288746,2.555759042407293,2.5562120208,32.44269949859121
-0.008336297467405523,-0.0024286061568321144,2.4074525167625223,2.4076550858,19.284626713614475
0.011296223004737522,-0.007871235460429,1.0188882796951364,1.0194228208,19.284626713614475
-0.018404757718674555,-0.07421178316373492,1.6011507806858212,1.6032560451,19.284626713614475
0.017552369105836105,0.08361896296489225,2.3534449091514986,2.3551864378,19.284626713614475
0.020525192919207205,0.016227692624905983,1.5577297938380343,1.5582383425,33.58407299947787
-0.08553054503637658,-0.017704541121144158,0.4065027949926831,0.41686142451,33.58407299947787
0.015391957061939975,-0.01884490622453064,2.007641142382758,2.0080126991,33.58407299947787
-0.014231865529245716,0.006767674419506003,1.9676089325257222,1.9679007238,33.58407299947787
-0.06567666701799321,0.09208280505349982,1.997122492105918,2.000547654,24.077202227298706
0.04484524636997617,-0.06199477613251293,0.6392527758335278,0.6445142045,24.077202227298706
0.06888382333362922,-0.06586171639893723,2.2955800839065135,2.2977533959,24.077202227298706
-0.051592947545583044,0.02211380574692984,0.23614569165341945,0.24457236215,24.077202227298706
0.02956710984925559,-0.023971788723659807,3.2436016547914623,3.2439637106,9.351771936490994
-0.03174664789142043,0.02212360509873486,0.7185197079203016,0.72018599974,9.351771936490994
0.009277648214827364,-0.020275061806390614,1.0096078660724028,1.0102995576,9.351771936490994
-0.04658447669859469,0.005502694798194402,2.6205696131007805,2.6211610959,9.351771936490994
-0.0032618605633531537,0.022036966475546513,1.8572998442023656,1.8576756926,162.88559418638903
-0.023058309143781857,-0.03895919093651388,0.8452989939540032,0.84704184865,162.88559418638903
0.030845241733916992,-0.004510158764651447,2.98831107275841,2.9886242384,162.88559418638903
-0.027907157013596768,0.010339791450930594,0.9666066403492481,0.96752990541,162.88559418638903
0.0348806461583444,-0.02316396074413701,1.1743746252581948,1.1755037171,85.7949365037106
-0.024411194565814014,0.017208932029319123,2.6584781409304714,2.6588151647,85.7949365037106
-0.022778353891434813,-0.03669155477566898,2.0106702424780885,2.0113577374,85.7949365037106
-6.967617730972299e-05,-0.08816985506177814,1.9394885921297134,1.9417234426,85.7949365037106
-0.033950089577950676,0.0018605733219554349,0.5511122660869271,0.55297450226,38.89449775538772
0.018213808282332013,0.030807607759945174,3.436514305025526,3.4368315961,38.89449775538772
0.024118839681954368,0.0417698221837265,2.8685738461944754,2.8691361675,38.89449775538772
-0.05507229949170653,-0.024832836223588617,1.038703647004712,1.0408913941,38.89449775538772
