-0.006606755856692648,-0.5493322159328021,5.39383774013331,5.7788662469,1.4033289630033756e-12
0.5485790717679178,0.3491837224055698,4.383645239959952,4.8620174681,1.4033289630033756e-12
0.23115806784191115,0.3738140304861883,3.8138095507547227,4.3287774569,1.4033289630033756e-12
0.1938489267688891,-0.18041816685241577,5.804050318135289,6.1446829224,1.4033289630033756e-12
-0.26987653958009694,0.22033212828935902,5.862994658101232,4.3287774569,1.3886782923917158e-11
0.1863581657107472,0.05333352737432724,4.095793831756127,6.1446829224,1.3886782923917158e-11
0.10785535741124846,0.5653772813483621,4.646130048478557,6.2045214122,1.3886782923917158e-11
-1.003263191584099,-1.5866170458450277,1.6969078572468592,4.5621377603,1.3886782923917158e-11
0.7026296571777317,-0.3557140121437137,3.6721674851298656,6.2045214122,2.1299067239947258e-11
0.7708067684947827,1.0480163854314262,4.4364959267272255,4.5621377603,2.1299067239947258e-11
0.23160825013942563,-0.5112348402614194,6.556987850143616,5.0909536116,2.1299067239947258e-11
-1.6268097315255534,0.1595120493373344,1.9085040711659758,3.225428182,2.1299067239947258e-11
-0.2568037386614604,-0.5129368962030528,6.564093271008274,5.0909536116,2.1151965453103622e-11
0.39447948679514216,0.06294847911076946,2.7100050993320086,3.225428182,2.1151965453103622e-11
-1.1210797434142823,0.11285703342288157,3.3057397165049376,4.2550011672,2.1151965453103622e-11
0.7768184280660446,0.11890402176998936,6.120972422045172,5.0373581892,2.1151965453103622e-11
1.4561404226344548,1.086507072131749,5.365656104402888,4.2550011672,2.1054856344468813e-11
-0.31411778969056325,-0.7833331384555351,3.0748444901044354,5.0373581892,2.1054856344468813e-11
-0.5480879032254086,0.4507816959776538,4.875353346851061,6.8781605906,2.1054856344468813e-11
0.3414717157058693,-0.17792352728161495,3.1148818205095283,3.2115948976,2.1054856344468813e-11
-0.4905188691737602,-0.7977995340028258,3.300941913892322,6.8781605906,1.3104046077053654e-11
1.3129868494412258,1.5382124550148257,1.5551834966788187,3.2115948976,1.3104046077053654e-11
0.5890738882738782,0.5350250027687287,3.4640791484992066,6.8859547552,1.3104046077053654e-11
0.5800372902819241,0.4337685729765816,6.109642906532131,3.3917111043,1.3104046077053654e-11
-0.2173306254280727,-0.7441927988978682,3.5888697362500768,6.8859547552,5.5096524236112504e-12
0.27529955136073786,0.5948196903402885,6.355972609210562,3.3917111043,5.5096524236112504e-12
1.1455581582463594,-0.4652304151969589,5.778655593041304,4.0246082511,5.5096524236112504e-12
-1.6289819827656329,1.9462413090102133,1.93721044166661,6.4872096026,5.5096524236112504e-12
-0.170028925835395,-0.04414926541599973,3.1468479410471666,4.0246082511,5.212241861337996e-12
0.19246812181988937,-0.01963638110097775,6.323078282433098,6.4872096026,5.212241861337996e-12
0.14481039082099117,-0.9560117875254095,1.8937927181614462,6.007587534,5.212241861337996e-12
-0.09405126959563712,1.1199868902029078,7.22957540675143,3.7639008263,5.212241861337996e-12
-0.3051416754669968,0.5725948242968506,4.28992913066977,6.007587534,5.304019363604213e-12
0.02250755266374405,0.5004755733219507,3.4603316382175313,3.7639008263,5.304019363604213e-12
-0.7542572128869823,-0.6484848877436244,1.7248087839343371,5.317205539,5.304019363604213e-12
0.987337901454464,0.7265237715784019,6.779085270222071,3.7216593705,5.304019363604213e-12
0.9343594405290964,-0.13654932574902476,5.020040734665118,5.317205539,7.332084470756844e-12
-0.7723911489325554,0.8117011889944522,4.35520395374393,3.7216593705,7.332084470756844e-12
0.28345804866307855,-0.17879247594804032,5.324184290262767,3.9715627122,7.332084470756844e-12
0.35570555384075214,0.19494653016465024,4.344435877889057,3.2417013638,7.332084470756844e-12
-0.16518832574501635,-0.3990350277146543,7.216885780439095,3.9715627122,1.8191649519246247e-11
-0.24837096968664302,0.06731494695956054,2.298129477258838,3.2417013638,1.8191649519246247e-11
-0.40121750901489384,1.1294860564642293,5.693383281155457,4.0783702807,1.8191649519246247e-11
0.2833447399010561,-0.9551602151709364,3.253987238380641,6.4693380557,1.8191649519246247e-11
1.1100138455316741,-0.4160099120921626,5.837699455929773,4.0783702807,1.2109472225452137e-11
-1.2090154738281134,0.0999492375359696,3.3938203436012526,6.4693380557,1.2109472225452137e-11
-0.2712959492402062,0.12024150650862656,3.954932418221666,4.1810335452,1.2109472225452137e-11
0.6986835669132551,0.29575302847197715,5.8783639499698745,6.6953706481,1.2109472225452137e-11
0.04829914789897082,0.039002096096584477,4.808403405321974,4.1810335452,8.843910874970574e-12
0.2584926811641576,0.04658745720346055,5.20917080440801,6.6953706481,8.843910874970574e-12
0.14425240492481775,0.21857853298460142,3.5513657718726823,6.2387180812,8.843910874970574e-12
0.45872730079942886,0.9168522491485926,5.430118785724546,3.7675219745,8.843910874970574e-12
0.8690878903941579,-0.4628409274270218,5.398271948161216,6.2387180812,3.301263646423012e-11
0.861689115710863,0.004451987744796893,3.3612621543999586,3.7675219745,3.301263646423012e-11
0.38705386462832003,-0.5867017585444035,3.8529469608141347,3.7327618404,3.301263646423012e-11
-0.041823026764478445,1.4118260862893337,3.5060514190877785,6.6346626539,3.301263646423012e-11
-0.4162221828321806,0.5992666767988459,6.522287355098872,3.7327618404,4.514658602770996e-12
-0.11191491077650462,-0.42751878960235773,2.6114952423176225,6.6346626539,4.514658602770996e-12
-0.01499358052463998,-0.45975093212406554,3.243045228491121,2.9191401896,4.514658602770996e-12
-0.3339663339771746,0.4187928948823236,6.35236795872416,7.5848518006,4.514658602770996e-12
0.3684941577491838,-0.7077407881826386,5.2891781332127294,2.9191401896,1.3886738817881593e-11
0.05819204180853636,0.6657463744764472,2.0032512942427974,7.5848518006,1.3886738817881593e-11
0.24144082555427276,-1.5740940550469167,1.5535538234661073,4.77749602,1.3886738817881593e-11
1.3430422036347165,0.9124973837017561,5.635611802666405,4.0280115983,1.3886738817881593e-11
0.6525006022478967,-0.435979212494874,5.262002819886631,4.77749602,4.92436246960228e-12
-1.0926643423697169,0.3467223820534344,1.8970480282989766,4.0280115983,4.92436246960228e-12
0.18188305471064484,-0.2070943168257831,3.126397220689833,2.8221272002,4.92436246960228e-12
0.10783204097921403,0.09708572659673008,4.230688598675363,7.1734698733,4.92436246960228e-12
0.7087353088049204,0.6222410435537702,3.6101546232848847,2.8221272002,1.003282356353734e-11
-0.3299679378100616,0.032070990254272236,5.227527227449014,7.1734698733,1.003282356353734e-11
0.12107686588614051,-0.027824398224653785,1.8139856008946706,5.4856615152,1.003282356353734e-11
-0.11382693102038524,0.2537260683883023,6.174150731938393,4.9217119365,1.003282356353734e-11
1.042100195277163,-0.15282451628736218,3.3096498827953655,5.4856615152,5.04517361066982e-13
-0.5947851910162477,-0.17813723806948178,6.38366859502036,4.9217119365,5.04517361066982e-13
-1.005318731527613,0.22415942140058512,6.4443020048880815,5.6973023065,5.04517361066982e-13
0.803061548474378,-0.3436019424993993,3.2757393431925577,4.7998597571,5.04517361066982e-13
-0.6484724319186277,0.9208170047993774,4.8018575458277475,5.6973023065,2.191640452506627e-12
0.5065036067805103,-0.4434189762759103,4.968786591868896,4.7998597571,2.191640452506627e-12
-0.004735219771731992,0.04207678323074368,3.890052278906835,7.5013303156,2.191640452506627e-12
-0.9182977495505411,0.7827084170411692,5.931135170980946,3.0573875343,2.191640452506627e-12
-0.5114228201385951,-0.32469905443953184,3.1754311188937856,7.5013303156,1.4094485962735095e-11
-0.012246243969043705,0.05170558041390147,3.176154326700714,3.0573875343,1.4094485962735095e-11
-0.8632142286170779,-1.173263236878359,2.621465979698451,6.1523432469,1.4094485962735095e-11
-0.17494911155912804,0.011620941462600046,3.6122180411395033,3.9472836515,1.4094485962735095e-11
0.0806372085007464,-0.09186534974248513,4.00710188300002,6.1523432469,4.5846320963588095e-12
0.7403878601177352,0.35517522940082075,5.514754592357561,3.9472836515,4.5846320963588095e-12
0.6095823705429145,-0.07350907099462903,4.8858759474108036,6.2836239482,4.5846320963588095e-12
-1.41343478524373,-0.15188127581370134,4.0222080369196185,4.1218593851,4.5846320963588095e-12
0.5873876720813561,0.45567773614917456,3.319329516914642,6.2836239482,4.949543282766058e-12
-0.6100753277028436,-1.0171206567295517,5.923509735521315,4.1218593851,4.949543282766058e-12
1.0404453900357704,-1.1139649792868926,4.610447380075132,4.4417958018,4.949543282766058e-12
-1.3938311486210833,1.2346375801250888,4.583842873169877,6.2554609189,4.949543282766058e-12
0.41027051360082983,1.9109155084931897,4.48975097476479,4.4417958018,7.734006056084853e-13
-2.0220049054244753,-1.1238935105459547,4.215517081534616,6.2554609189,7.734006056084853e-13
0.8050294014643408,-0.5623134452432076,4.489578330056635,5.2081280014,7.734006056084853e-13
-0.5133673486356152,0.7854123149512343,2.550364352153104,5.5860942819,7.734006056084853e-13
0.01383902041895113,0.3421497891437029,4.3439733839677706,5.2081280014,1.52305586476118e-11
-0.3399643539374434,-1.0069519181044324,3.476227656645671,5.5860942819,1.52305586476118e-11
0.18665775655586114,-0.5496001842217697,5.927683229798887,4.0842115735,1.52305586476118e-11
-0.4162250248174153,-0.7903209392910244,2.178792005958897,5.8768391853,1.52305586476118e-11
-0.3567908521583812,0.25093997516030925,2.015049363282348,4.0842115735,3.626813448772961e-12
0.36308826775952896,-0.6164675743543064,5.987079727150014,5.8768391853,3.626813448772961e-12
-0.31657978606407267,-0.42389870156160697,6.246177990613037,5.840451653,3.626813448772961e-12
0.5684172436645457,-0.24349008304860525,3.4132572773819323,4.0050731857,3.626813448772961e-12
0.26927071271950925,0.9298401057209502,4.10459402828365,5.840451653,2.6607276153363114e-12
-0.21386673476011087,-0.9417447407313637,5.707287514305217,4.0050731857,2.6607276153363114e-12
-0.002235445518419699,0.18609619887662457,4.339410973794346,4.3976391314,2.6607276153363114e-12
-0.2996809328745055,0.07097967402413619,4.632745743883987,4.2763768095,2.6607276153363114e-12
0.5794371551979173,0.36403742518449617,4.943633086059892,4.3976391314,3.4815490207702554e-11
0.24350187848470903,-0.3224248281181352,2.99338113273974,4.2763768095,3.4815490207702554e-11
-0.5273371614871479,0.22990018472576002,5.029683711022693,6.8609470044,3.4815490207702554e-11
-0.3378716635192502,-0.3144345466070938,2.979081521121172,3.318916188,3.4815490207702554e-11
0.15258274135082575,-0.8553104583903846,5.85716220083324,6.8609470044,3.205270713572391e-11
0.37355567587984806,0.09803557099335317,3.9211012083841466,3.318916188,3.205270713572391e-11
0.5364509935593604,0.13887240844442292,6.461229821465308,3.8378298661,3.205270713572391e-11
-0.4286233162265496,0.17003359833753257,3.087338052166574,6.6812797939,3.205270713572391e-11
0.18325656563829182,-1.2960182050738294,2.8453020508692326,3.7160449294,1.1709996512219228e-12
-0.43954739760835954,0.4212602338300591,4.306523613157106,4.7871502723,1.1709996512219228e-12
-0.044614294452038766,0.059379210539006855,1.3900005718772508,2.4367227819,1.1709996512219228e-12
-0.7245246341976305,-0.48049729905257826,5.089184148710772,5.5367507529,1.1709996512219228e-12
0.5970598396453053,0.1691415207758701,3.4366013039676564,2.4367227819,3.9089539856809144e-12
-0.8656206073945302,-0.35718714796077927,3.1083485613441044,5.5367507529,3.9089539856809144e-12
0.12262161903256617,0.14421342008608123,2.182965993611607,4.0243406701,3.9089539856809144e-12
-0.28837150807451695,-0.2286306750818253,4.244212982672505,3.8129663614,3.9089539856809144e-12
-0.4785088505600405,0.7104068822328453,3.9793135305659497,4.0243406701,1.2239721295758939e-11
0.05211271967995935,-0.5607263647432544,3.6157360967441443,3.8129663614,1.2239721295758939e-11
-1.6646224469677326,-0.32782197577072036,1.7885298831660226,2.966677283,1.2239721295758939e-11
-0.5330560950110483,0.025056749589504695,1.5857879458217912,4.7062483949,1.2239721295758939e-11
0.10482760649425374,0.04340098051387262,3.4654062181964123,2.966677283,8.824797236713666e-13
-0.7852227141481247,0.6113885597450776,3.149371441780267,4.7062483949,8.824797236713666e-13
-0.5567764520054577,0.3727303215395126,2.8931434665568942,4.5352601726,8.824797236713666e-13
0.8297381668963923,-0.35272595829427694,2.8178840345514287,4.1702131016,8.824797236713666e-13
0.2152748312502122,-0.3704534913904879,5.366389947047581,4.5352601726,1.9202551110648135e-12
-0.783145948474588,-0.026952721853237726,1.8562494685852369,4.1702131016,1.9202551110648135e-12
-0.20862208508350816,-0.7596757202913242,4.541837666511005,3.174472284,1.9202551110648135e-12
1.0580160025423044,0.047126767251891175,2.5883392349412997,2.6075850993,1.9202551110648135e-12
-0.25651769744357095,0.2245213488772141,5.136855804217069,3.174472284,2.4841589456170724e-12
0.5941873212346815,-0.4985097236589639,2.5140610625252804,2.6075850993,2.4841589456170724e-12
-0.47705489095914766,0.20931878702796086,3.8892918527260165,4.0027381539,2.4841589456170724e-12
-0.4296597485994922,-0.4336530291928611,1.6154878358693756,3.8612059204,2.4841589456170724e-12
-1.031256475133492,-0.6114733185579283,2.781288832029381,4.0027381539,4.4306647052306607e-13
0.46048608069484875,0.14706049343118946,4.284693179136793,3.8612059204,4.4306647052306607e-13
0.49928948198298306,-0.7459099693800568,3.980517331293609,3.5803920216,4.4306647052306607e-13
-0.3756033041896118,0.28964897026334513,2.613742840398412,3.5711834816,4.4306647052306607e-13
-0.10148792005215279,0.6221493870826554,4.0638883754415716,3.5803920216,1.1112948352406743e-12
-0.8204511822369577,-0.8598551143632249,3.069024705725397,3.5711834816,1.1112948352406743e-12
0.023525739227385933,0.11259606720809574,2.976015598913568,5.7429713656,1.1112948352406743e-12
-0.41937734784735636,-0.4854552467365982,3.710859455256121,2.8389621546,1.1112948352406743e-12
0.22666370470905142,-0.164221762330287,3.0509758037071966,5.7429713656,4.477338452791292e-12
0.8186150179389708,-0.1565742956541142,3.388837898888138,2.8389621546,4.477338452791292e-12
0.13540426963702606,-0.5028253893759539,3.792775663255316,5.0248303219,4.477338452791292e-12
-0.183017800548839,-0.05016596937562762,3.94503008896847,3.4381853919,4.477338452791292e-12
0.19969483392140802,-0.8700153975841849,4.962489910446982,5.0248303219,1.6006157240962331e-12
-0.11732720232959479,0.9030874340358416,2.402184590461465,3.4381853919,1.6006157240962331e-12
0.5683455792779342,0.5493899201158398,2.215539401294311,5.5229972586,1.6006157240962331e-12
0.32642943736755453,-0.6562159831310933,4.172888225196465,3.3048560548,1.6006157240962331e-12
0.1411122657946916,0.007816353191290325,3.2663062258379765,3.8325879152,1.8609332215329254e-12
-1.1510970019926205,0.34825639653909835,2.971510052640057,3.7783830958,1.8609332215329254e-12
-1.1238564973114151,0.252718890097075,3.28103004189616,4.011493288,1.8609332215329254e-12
0.5568776885745976,-0.5559665412216427,2.791381559010196,3.5229281234,1.8609332215329254e-12
-0.3865890715806145,0.19664641651900097,3.8589478681428666,4.011493288,2.8177648792698263e-11
0.31252502041656527,0.2157208150682534,1.711553780801674,3.5229281234,2.8177648792698263e-11
0.035776756701699164,0.32201295345914,1.5161051393567382,4.3680200976,2.8177648792698263e-11
0.7359272621162457,-1.0498983201164431,1.8514446379348435,2.6596284897,2.8177648792698263e-11
-0.9724631408730036,-0.4923282365412659,2.332250317772579,4.3680200976,3.420005896640526e-11
1.740566863099367,0.04811758211579915,3.5970167695591493,2.6596284897,3.420005896640526e-11
-0.1545584301166707,-0.32104479420533444,2.811551769746547,2.5305230906,3.420005896640526e-11
0.5618790798023905,-0.015730444674167506,3.6445231119147805,3.0119300565,3.420005896640526e-11
-0.4848581473078641,-0.2892488419462,2.808319349341688,2.5305230906,8.921661948520832e-13
0.02061393283656074,0.5568042884679261,3.442138543055125,3.0119300565,8.921661948520832e-13
-0.7189848898607509,-0.6275293121095524,2.1979274701150033,3.259979018,8.921661948520832e-13
-0.022550841329053422,-0.2134719318610492,0.6316148654375384,4.4688273571,8.921661948520832e-13
0.16990596203782427,0.8601249440985854,3.9197957967056096,3.259979018,1.4029009248544168e-11
-0.13843250311306698,0.4291592331858596,2.258129414203279,4.4688273571,1.4029009248544168e-11
-0.5083099701522844,0.30188878068503566,1.939364901780244,3.468685835,1.4029009248544168e-11
-0.2029586595678016,-0.05939598332138603,4.23813189012184,4.1950571224,1.4029009248544168e-11
-0.20819691118116512,0.6109642295012615,2.915583643048995,3.468685835,4.951272539059771e-12
0.010776536899106555,-0.1920576458988463,2.9137220890379307,4.1950571224,4.951272539059771e-12
-0.8278718200262785,-0.4129426499972827,3.9302400126772747,3.493624176,4.951272539059771e-12
-0.28101494263203947,0.005352552321892041,1.683383392417927,4.0197977187,4.951272539059771e-12
-0.07869261126753098,-0.040859520983684096,3.8434878841397406,3.493624176,1.8925751170828896e-12
-0.46003305472663486,0.10707259776051156,2.1466768163728607,4.0197977187,1.8925751170828896e-12
0.9301783634668174,0.9462711709283288,3.3062226598070894,3.121156432,1.8925751170828896e-12
-0.11258928216313183,-1.6183598757622848,2.6445854238493705,2.108320693,1.8925751170828896e-12
-0.5029770684124142,0.24202546235445815,4.00955097402627,3.121156432,4.777069269407534e-13
0.10500474606397012,-0.39881858241662493,1.5451687797300384,2.108320693,4.777069269407534e-13
-0.699958660067967,0.3279786578296821,2.7661964849487704,4.4870348832,4.777069269407534e-13
0.20178096479006613,0.39331590116459036,2.3836731376860514,3.0499983044,4.777069269407534e-13
0.2992997747476246,0.07656687505270171,3.1013003952324336,4.4870348832,1.851176600972726e-11
-0.3435104121312845,-0.1483894966425407,2.2379204472914895,3.0499983044,1.851176600972726e-11
-0.8285919033249025,0.14662098713475782,2.8969295093199037,2.8479206597,1.851176600972726e-11
0.3632912083976118,0.43299269055483236,3.516246903669739,4.6911066944,1.851176600972726e-11
0.3919243918255522,-0.1642384005097116,3.297242305806375,2.8479206597,7.2597863396095125e-12
-0.10612849812227002,-0.18338173394554014,3.2470872735129075,4.6911066944,7.2597863396095125e-12
0.27576005331178555,0.2906530992644963,3.2082337275067054,3.5940577657,7.2597863396095125e-12
-0.2760421261850915,-0.19443032043531816,2.683319654295541,3.5393189578,7.2597863396095125e-12
1.3527782823198096,-0.44118521792086296,3.351300986767407,3.5940577657,3.281216479045284e-11
-0.8938796862076326,0.39028156432556105,2.7055347590573606,3.5393189578,3.281216479045284e-11
0.012637293955644835,0.5008444137546605,3.588426231313965,4.5058495248,3.281216479045284e-11
-0.003193610658522289,-0.3822342030026647,2.0858930541659837,2.6292161747,3.281216479045284e-11
-0.7300468980375858,0.20858185158267045,3.8075487694830734,4.5058495248,2.4803401409667234e-11
0.3820145272223532,-0.7485311552814637,2.723701133309884,2.6292161747,2.4803401409667234e-11
0.24581868808545362,0.2620316451993446,2.1137619992275787,4.333619866,2.4803401409667234e-11
-0.021298807504450314,0.29345498118883084,3.582495765105739,2.9717530696,2.4803401409667234e-11
0.5636730986100894,0.274520188755389,4.0669276808396,4.333619866,9.179765506968974e-12
0.021869961260020672,0.627219370931622,1.8978991941843018,2.9717530696,9.179765506968974e-12
0.6313541587039898,-0.49646888382060106,1.9075970487797913,4.0855561669,9.179765506968974e-12
-1.3754153475684003,-0.3002118642923178,4.178017403082735,3.6912866454,9.179765506968974e-12
-0.18119149089196818,-0.3426211325302653,3.054889612791858,4.0855561669,2.493947356452741e-11
0.4587357450907225,0.47035725626848046,3.198983348480933,3.6912866454,2.493947356452741e-11
0.5896835720249249,-0.10510229611430769,1.742133646062774,4.5153140831,2.493947356452741e-11
0.05994338940552081,0.5435312537370381,2.612014418501901,2.5607867573,2.493947356452741e-11
-0.6590464242546806,-0.4444086631633109,4.086887185303797,4.5153140831,3.2379186816652986e-11
0.5288463639392725,0.09155597366805886,1.7824661463535723,2.5607867573,3.2379186816652986e-11
0.2959261058496682,0.11122114628899782,2.4338773342547277,3.499907873,3.2379186816652986e-11
-0.33956581708989186,1.05096418159756,3.1795789761541413,3.1428188912,3.2379186816652986e-11
-0.7148005085529072,-0.12869525728312003,3.4111364570376854,3.499907873,2.471045118550871e-11
0.37952403795428086,-0.02530029075648743,3.1525729402912552,3.1428188912,2.471045118550871e-11
0.9905795782734299,-0.35963012001131295,3.181727962398546,3.7031752568,2.471045118550871e-11
-0.6318161949512491,-0.4209862356429283,1.988057814785124,3.0246167979,2.471045118550871e-11
-0.5786605638607856,1.4745830180221515,2.0102218867322477,3.7031752568,8.910477779319183e-12
-0.5608400334251693,-0.33636822187019333,2.3214390143759336,3.0246167979,8.910477779319183e-12
-0.32815740962672074,0.45937909661905285,3.153978257896397,3.6194285237,8.910477779319183e-12
0.008655286249569476,-0.6807019828384991,3.0327840767487024,4.0845385859,8.910477779319183e-12
-0.7186321902830112,0.1644151372879129,2.3990166271133475,3.6194285237,3.6619827515272946e-12
0.12946632939857083,0.30030792346523794,2.9871105615220226,4.0845385859,3.6619827515272946e-12
-0.26394732392566383,0.25579446898094893,3.5844086537824627,3.87974043,3.6619827515272946e-12
0.18429461690249485,-0.38904179547965306,2.950293578171075,3.81948529,3.6619827515272946e-12
0.45824885722519265,0.463906771386956,1.5820649434388097,3.87974043,3.1788815194250805e-12
0.13063311957433235,-0.5511582758513192,4.347043480552269,3.81948529,3.1788815194250805e-12
0.2845431015273253,0.655520636331802,4.285492571597415,3.8017478193,3.1788815194250805e-12
-0.7629684719816726,-0.5316655385560264,2.054513971212721,3.3636597289,3.1788815194250805e-12
-0.9706580667603555,-0.2664890126744948,2.5389644143606445,3.8017478193,3.9382028758914694e-11
0.6402255000851582,0.16236501518301355,3.7169045450608156,3.3636597289,3.9382028758914694e-11
0.7077781980162934,-0.09543811640638723,2.4433237270864456,4.1540187507,3.9382028758914694e-11
0.14701249903012545,-0.7422541272790778,3.623492003307893,3.5030356729,3.9382028758914694e-11
-0.36438234943219683,0.10690054360999937,3.670386576127709,4.1540187507,7.7883428148834e-11
0.22864948127962556,-0.2367176954197063,2.168029469887365,3.5030356729,7.7883428148834e-11
-0.46232996764957374,-0.22903619622141022,4.141132231959904,4.1385755576,7.7883428148834e-11
-0.3919149400244094,-0.09359426878433665,2.0284582808876075,2.9149722157,7.7883428148834e-11
0.0843130158568866,0.040335287419816485,1.3216234221238492,4.1385755576,1.2504192067620925e-11
-0.58970508817239,0.5251463451707413,4.845147159005872,2.9149722157,1.2504192067620925e-11
-0.46425934997239204,-0.25789946730535923,2.3772705201823934,4.3673679137,1.2504192067620925e-11
0.9763314161730257,-0.43316985641645994,2.4317008570532996,3.4820657451,1.2504192067620925e-11
0.23479750153366769,1.0649119584357336,3.26325193269082,4.3673679137,4.18157266309827e-11
-0.5513440367410584,-0.6695444577893026,2.920079347994231,3.4820657451,4.18157266309827e-11
-0.08524948354626814,0.39299942601604676,3.5910318795569105,2.9320772841,4.18157266309827e-11
-0.042918218198902826,0.2016474495903135,3.0854436262684475,4.1134955174,4.18157266309827e-11
-0.4975710277388417,-0.699013002041703,3.4330722692409577,2.9320772841,1.1524983860832971e-11
1.2078392533214688,0.571358700616168,2.662401412690694,4.1134955174,1.1524983860832971e-11
-0.4188667630734092,0.27936883811792906,2.766915504071747,4.5752584034,1.1524983860832971e-11
0.8849018674773681,-0.3497478573470898,3.606075566586272,2.8277029168,1.1524983860832971e-11
-0.31440021484887687,0.5491811434970948,3.737818395170292,4.5752584034,3.3630764571633976e-12
-0.41268358621019835,-0.08710046332452812,2.4091341206368413,2.8277029168,3.3630764571633976e-12
0.06125896888707595,0.8359641983967722,2.2504720425925666,2.8781966449,3.3630764571633976e-12
-0.27590932686543873,-0.5823877487039605,3.6361883329304603,4.8412523134,3.3630764571633976e-12
1.1552182484033102,-0.2743201435223646,2.069714114411992,2.8781966449,3.546068556156672e-11
-1.0600754134981918,-0.20325282038680548,3.8714008538796185,4.8412523134,3.546068556156672e-11
0.3497044931891384,0.45925882037152,2.1516121053305777,3.671861945,3.546068556156672e-11
-0.4849529838593749,0.1928365760328048,4.189884540287997,3.8295128797,3.546068556156672e-11
0.19952535267960167,-0.4418727848733272,2.0507055169545843,3.671861945,1.2770403100032858e-11
0.29950919796821035,0.5432835697550439,4.271800967008269,3.8295128797,1.2770403100032858e-11
0.864849299464261,-0.17810404405469837,1.3371654569166171,2.7191548041,1.2770403100032858e-11
0.4871894643685514,-0.6161026892725487,4.062028270698287,3.3349121062,1.2770403100032858e-11
-0.002990806343147419,-0.4520393821319806,3.8646587086659947,2.7191548041,8.668185278051839e-11
-0.332898386915068,0.6840287642391281,2.194520129477044,3.3349121062,8.668185278051839e-11
0.2660922005576176,0.47247362206727006,3.95062214286581,4.6189271606,8.668185278051839e-11
-0.5646227296924508,-0.41376944630668205,2.5134400894301585,2.7322603345,8.668185278051839e-11
0.9754521975100878,-0.4952236726487948,3.096775397058256,4.6189271606,4.88694626132604e-11
-0.8021308221894292,-0.3204865142156454,3.412945995282144,2.7322603345,4.88694626132604e-11
0.1858784001700095,-0.2659398021122809,0.764271904263459,3.166022944,4.88694626132604e-11
-1.0870205608765917,0.6564855880903662,4.646131423117387,3.9152973221,4.88694626132604e-11
-0.9082638142652897,1.3370674615115465,2.8885752805363465,3.166022944,7.583693685962194e-13
0.4392630949682372,0.9663102394433989,0.743637593161366,3.9152973221,7.583693685962194e-13
0.09663397971980649,-0.40225603239381674,2.916926184935695,4.0203674167,7.583693685962194e-13
-0.6796733458834874,0.8264048394499109,3.595129140343339,3.7527849318,7.583693685962194e-13
-1.8452317407518977,0.4781577080201666,2.996520115354138,4.0203674167,1.224958861346808e-11
0.09536693686577348,-0.18507426694945073,2.7963834372797054,3.7527849318,1.224958861346808e-11
0.6745760222606498,0.6468923219572174,3.86068013260308,3.9030724501,1.224958861346808e-11
-0.03711077338669292,-1.4992571010336952,1.6593581597280516,2.9204100722,1.224958861346808e-11
0.16818749761306848,0.22002700802311487,1.0946771754384053,2.2967405245,5.141913951842372e-13
0.14532554475755446,-0.6816036926932791,3.249719824553609,3.8789666209,5.141913951842372e-13
-0.8457562913215221,0.10273697856822221,1.8783095619536914,2.872961086,5.141913951842372e-13
1.0934476371810002,0.3895350907361714,2.184684100184047,3.1812277409,5.141913951842372e-13
-1.0336040239996325,0.38372027279282267,1.1426835835404237,2.872961086,3.6410176380615347e-13
-0.3641963249646139,0.4013412385385375,2.9865878025260644,3.1812277409,3.6410176380615347e-13
0.12611161906429702,-0.46060907097256065,2.9281673309137237,2.5536844555,3.6410176380615347e-13
0.06501151274642994,-0.12218234749655521,1.8736903630238473,3.635026885,3.6410176380615347e-13
0.7695427969157778,0.40559348298640163,1.7839076979704174,2.5536844555,3.265855178932665e-13
-0.7722016980698666,0.24967457876978788,2.153047910491143,3.635026885,3.265855178932665e-13
0.4296262039235519,0.14634699585541608,0.8815229236215011,3.5780202312,3.265855178932665e-13
-0.22788133865205323,0.19665829724369724,3.282048535975468,2.7440609686,3.265855178932665e-13
-0.33290795139105855,-1.420439069835546,1.9731511858922404,3.5780202312,1.3918823676873453e-14
0.498173283324502,0.91448084027968,2.5118947435405947,2.7440609686,1.3918823676873453e-14
0.5435154286091218,0.7630253256965012,2.7391562625385806,2.8176282339,1.3918823676873453e-14
-0.20473676833173837,0.2930146840733972,1.2445969160894934,3.0486469396,1.3918823676873453e-14
0.7152273998216994,-0.5218131412831737,2.157584576272527,2.8176282339,4.7038229897469367e-14
-1.1861940977786387,-0.8278132482000864,2.624594028754919,3.0486469396,4.7038229897469367e-14
0.1567479970562168,0.2491772533055427,2.993039936065362,2.2322810717,4.7038229897469367e-14
-0.6537881923628941,0.25512701357465656,2.028506816039463,3.8551844292,4.7038229897469367e-14
-0.48994234257889435,-0.908084694254774,3.071375286520115,2.2322810717,4.5140731024795055e-13
0.08876348510506149,0.22683187093408733,1.6802692030161375,3.8551844292,4.5140731024795055e-13
0.6326540697697999,-0.9802985846227807,1.2246580377428817,3.1657227386,4.5140731024795055e-13
-1.8272148547761902,0.04127712137157894,1.3076882228985185,3.3755098919,4.5140731024795055e-13
0.09336980559389656,0.43030928848762157,2.0957863358460296,3.1657227386,3.7131361518746495e-13
-1.0051513896765396,0.6293244302959429,1.5649339363717738,3.3755098919,3.7131361518746495e-13
-0.6265143076515719,0.1080506247770518,1.586688865758803,3.5186067839,3.7131361518746495e-13
-0.30725468463901406,-0.4271556644104595,2.9393978066713053,2.3826028274,3.7131361518746495e-13
0.3860401844709274,0.26671040401970336,3.301253701139915,3.5186067839,6.012437278752364e-15
-0.8267977990485939,0.18354215802095142,1.7502261789233537,2.3826028274,6.012437278752364e-15
0.22343730629205666,0.5498355877028299,1.9768150199667103,3.0722972499,6.012437278752364e-15
0.46006639825726414,-0.16609121873854668,2.0575935217392303,3.6028912039,6.012437278752364e-15
0.15829318632041658,0.0694389588733518,0.4225580486585222,2.0514467593,4.1706457761689765e-13
-0.0580399514286605,-0.9662260894513709,1.8773252948573478,2.9088334009,4.1706457761689765e-13
0.45903372333445713,-0.5658922382066287,1.7922143818874272,2.7826207746,4.1706457761689765e-13
-0.6394596600027915,0.3284831167949468,1.8464550769562875,2.8153518725,4.1706457761689765e-13
0.36808626071981115,0.4031998575125635,0.9907093148866359,2.7826207746,3.3256897086956245e-13
0.7305720436038362,-1.152928333706761,2.0230136591385537,2.8153518725,3.3256897086956245e-13
-0.057110487335525394,-0.14915683656611678,1.8939560427382172,2.2977298725,3.3256897086956245e-13
-0.44982047845829226,0.4257412377686269,1.8325534386150446,3.1552438129,3.3256897086956245e-13
0.3496064621969726,0.2995155187349683,2.214774447075479,2.2977298725,8.984373838675773e-14
-0.8458143436296326,0.08407448211031812,1.5752675066077244,3.1552438129,8.984373838675773e-14
-0.10437188438621571,0.8644520179606583,2.7825488894590054,2.7590902235,8.984373838675773e-14
-0.2324133239696518,-0.1672826093137641,0.6893996055928809,2.7824173249,8.984373838675773e-14
-0.61723683856258,-0.44011549687883894,0.826949291915527,2.7590902235,1.738825503288927e-13
0.4238134232209617,-0.012822619377304794,2.3714442278371846,2.7824173249,1.738825503288927e-13
-1.0588399755909794,-0.2176470344232383,2.202053906887946,3.0194635411,1.738825503288927e-13
0.0005739781480891439,-0.2948283912770195,0.3416159073188652,2.6840153017,1.738825503288927e-13
-0.019238201849182266,-0.5807337529091385,1.4929282591932205,3.0194635411,1.6190873626925657e-13
-0.2922409158134819,-0.9590299197476987,1.8499321241919306,2.6840153017,1.6190873626925657e-13
0.04726181040811549,0.3817651278842615,0.9436292543927507,3.5356398436,1.6190873626925657e-13
-1.0257864030614166,-0.46171713045201856,1.3292732338251667,2.1347766255,1.6190873626925657e-13
0.9009643570312776,-0.3999720668019388,0.6788612404737328,3.5356398436,2.1911153883546476e-13
0.3767015734899597,0.16093268759829224,1.9421707045354588,2.1347766255,2.1911153883546476e-13
0.05489787684397787,-1.2034565027607653,1.7932459856624714,2.2931480757,2.1911153883546476e-13
-0.4706007607209507,0.44060507626602124,0.9739348248680213,3.1310589204,2.1911153883546476e-13
0.3674640303860565,-0.38725459937580753,1.1684796323519402,2.3770445073,5.362334285036949e-16
0.26131483839291886,0.37888336617897295,0.36285002072532085,2.0841060883,5.362334285036949e-16
0.08095426512657869,0.4279831297023466,1.049234275348607,2.3001338476,5.362334285036949e-16
-0.5920852409091872,-0.2557406123908327,0.21699422558911563,2.1125943026,5.362334285036949e-16
0.21561968884126967,-0.2991587172835584,1.269799160567765,2.3001338476,1.8576145447131447e-15
-0.563146382688996,0.33476334767771426,0.8252560020951624,2.1125943026,1.8576145447131447e-15
-0.2158349387380399,-0.9300892399601249,0.9132079984653726,2.3975774641,1.8576145447131447e-15
0.32943382134084986,0.6014913271696685,0.26436269421371533,2.2605857242,1.8576145447131447e-15
-0.19478258604257603,0.6767196565341388,0.5064189376017031,2.3975774641,7.975033883865271e-16
0.2462627469492588,-0.14086198130104027,0.1717843883164625,2.2605857242,7.975033883865271e-16
-0.2302425160214807,-0.06717796986616674,0.43609588371020247,2.3969980316,7.975033883865271e-16
0.4998898621365625,0.4901826800169986,0.9602259196987611,2.1307759369,7.975033883865271e-16
-0.08996968034245577,-0.17640054924019266,1.2173931315682414,2.3969980316,1.7275308689787718e-15
0.2724218323645507,0.30380343196572474,1.3295331787162141,2.1307759369,1.7275308689787718e-15
-0.6466894761305836,-0.005336163745453688,0.8798726709560005,2.1799885068,1.7275308689787718e-15
-0.42919721691516444,0.27111164000565374,0.7228341900449918,2.0273128309,1.7275308689787718e-15
-0.22776880035849387,0.030603933835606858,0.9774195868315289,2.1799885068,1.920919940055223e-15
-0.3283140378036224,0.4561241420764469,0.8764505812920995,2.0273128309,1.920919940055223e-15
0.5215653767909887,0.6635763517615538,0.7216863013547267,2.0609959038,1.920919940055223e-15
-0.31703826115457456,-0.20542948363914715,1.4203190587194894,2.32641414,1.920919940055223e-15
-0.5854864805285627,0.4724078167542231,1.1923434349625492,2.0609959038,5.30048038084485e-16
0.302629719347669,0.08284374203169761,0.7702890051398199,2.32641414,5.30048038084485e-16
0.9895893649209171,-0.1815760110639994,0.36948982407338693,2.3497356732,5.30048038084485e-16
-0.6363137777943283,-0.29101086416823435,0.8516187317286643,2.4360149124,5.30048038084485e-16
-0.15281862559694753,-0.544752224592602,1.087077801818158,2.3497356732,2.959759354385431e-15
-0.42961544946874947,0.43361674735414824,0.6442397922562288,2.4360149124,2.959759354385431e-15
-0.1347644571328509,-0.4108923728974235,0.7116216478107137,2.2786863914,2.959759354385431e-15
0.05931963203371409,-0.3228843842449582,0.7960481990606628,2.1863670869,2.959759354385431e-15
0.6805917048340732,-0.3673898727356461,1.2791187882981812,2.2786863914,1.5520605721693915e-15
-0.24603586739800698,0.6821979581178681,0.46751770561741474,2.1863670869,1.5520605721693915e-15
-0.11633216733531111,-0.06035792462769597,0.42723183916903973,2.2378928205,1.5520605721693915e-15
0.2924007431247995,0.7185311937479212,1.5841694216937445,2.2547738161,1.5520605721693915e-15
-0.35551085658732223,0.2848695798693073,-0.14173503998677175,2.2378928205,1.2255536396371005e-16
-0.010808884946768977,-0.34914315866725204,1.0926246424432762,2.2547738161,1.2255536396371005e-16
0.018221185211255344,0.12699473619154067,0.38565202684479366,2.2876177859,1.2255536396371005e-16
0.07478852821358178,-0.21974669302788827,0.7084311190204463,2.4819389115,1.2255536396371005e-16
0.09621642314647433,-0.153151657365664,1.030783431186763,2.2876177859,5.868503971576029e-16
0.16918539660019105,0.29438617976349174,1.0574226264338562,2.4819389115,5.868503971576029e-16
-0.6858281086680993,0.26952130306524263,1.3023066251514108,2.4469667818,5.868503971576029e-16
-0.12215241731191459,0.06958438971487386,0.7424067621525058,2.1660547048,5.868503971576029e-16
-0.2246403922823343,-0.10323891951150682,0.7874907319978793,2.4469667818,2.785500363754833e-15
0.316442387602205,0.0697252146336961,1.5120550028527975,2.1660547048,2.785500363754833e-15
-0.28908284897247316,-0.14822696249231213,0.5423974182646967,2.269092261,2.785500363754833e-15
0.7319071511703317,0.014639172663410376,0.13313812603342787,2.2836017628,2.785500363754833e-15
-0.6520612243285722,0.3140415423955068,1.3819170946699981,2.269092261,3.3852365773081637e-16
0.15873514604884162,0.1338846793901984,0.057217336372349395,2.2836017628,3.3852365773081637e-16
-0.06503928377654165,-0.3367165553624949,1.3341113498907644,2.3456015573,3.3852365773081637e-16
-0.20758055586837865,0.08742519520837871,0.8751008884588317,2.1880671443,3.3852365773081637e-16
-0.17425552598906,0.35541975480182353,0.6449063596919067,2.3456015573,1.037907479755503e-16
-0.27395831419713007,0.07185072747566609,0.917721856002602,2.1880671443,1.037907479755503e-16
0.785186133002512,-0.1781877661120779,1.341685618795908,2.1664254824,1.037907479755503e-16
-0.5283946739783244,0.14257139311853023,0.24296611197657098,2.1774907301,1.037907479755503e-16
0.17587142858738136,-0.06233829035596055,0.8156342206731725,2.1664254824,3.0125839578244774e-16
0.2659926524015899,0.3465030671490887,1.4368234627593666,2.1774907301,3.0125839578244774e-16
-0.6423037294722312,-0.06110108582945027,0.27289644395745033,2.4968630843,3.0125839578244774e-16
0.2415599990278857,-0.03669673349789376,1.6285714855117663,2.1781874362,3.0125839578244774e-16
0.12352355761234116,0.4553399937419484,0.9233679475770997,2.4968630843,2.130921991194354e-16
-0.6488694566525413,0.06536993036635609,0.8478579480425511,2.1781874362,2.130921991194354e-16
0.630327540734131,0.002085772095978315,1.5593747022891151,2.0493177637,2.130921991194354e-16
0.032242348981730465,0.060140296854213286,0.6494324314832494,2.666716713,2.130921991194354e-16
0.3256277654896925,0.24296748165356338,-0.0067873294896967345,2.0493177637,8.50583229759765e-16
-0.546208638017356,-0.6008234287002698,0.4979336089028263,2.666716713,8.50583229759765e-16
0.22246104645597348,0.09958683834449543,0.8601598791643869,2.056119517,8.50583229759765e-16
0.20815630522783704,0.10199474855809548,1.1966153152156374,2.3056119332,8.50583229759765e-16
-0.058743075843077745,-0.08866890332332979,0.9060336056414987,2.056119517,2.2789595275713177e-15
-0.6929576473737924,0.01851202910665357,1.09361618356343,2.3056119332,2.2789595275713177e-15
0.10100609244991253,-0.47089922787177796,1.430133938886941,2.0408790166,2.2789595275713177e-15
-0.580350837131624,0.1076829590806072,0.9449353373665372,2.1344218382,2.2789595275713177e-15
0.3484620454329386,0.2590187425492644,0.9795696380546492,2.0408790166,1.1861965662096924e-15
-0.0002662174354690253,0.2319380388992763,0.8884513237686085,2.1344218382,1.1861965662096924e-15
-0.038053435691698424,-0.4877872630802088,1.1677468574450403,2.2572610643,1.1861965662096924e-15
-0.06303386875343615,0.07889666603778778,0.7028689456597578,2.2876690172,1.1861965662096924e-15
-0.7459080095866935,0.04703291949734055,0.6717235413631135,2.2572610643,5.398588249211343e-16
0.09280666402693492,0.17390969756265218,0.9431058295769119,2.2876690172,5.398588249211343e-16
-0.19423890095749188,0.805083085226042,1.1006861138787762,2.4977999266,5.398588249211343e-16
0.04211059323724797,0.3036191065611255,0.7290516698585144,2.1379735735,5.398588249211343e-16
-0.49519718778620847,-0.8441641986847856,0.04235842532668806,2.4977999266,1.89736304959156e-15
0.5361041016451668,0.42663235930296745,0.10621575739643127,2.1379735735,1.89736304959156e-15
-0.4872690661843039,0.11035126176523204,0.3648468828632098,2.1636227105,1.89736304959156e-15
0.08003404885194644,-0.014259716359033014,1.3067003515624118,2.5281035821,1.89736304959156e-15
0.06339506200319078,-0.1305736428191877,1.4591606690681043,2.1636227105,1.5085456062840775e-16
0.2603903419670145,-0.14002742654069064,0.30421986677362806,2.5281035821,1.5085456062840775e-16
-0.08265084759409341,-0.2346616095222788,1.438630385486623,2.0975545488,1.5085456062840775e-16
0.04269377688690004,0.2846471443422587,0.46534877941874747,2.1339231814,1.5085456062840775e-16
-0.14545630692678888,-0.298843067856248,0.7968536215187385,2.0975545488,3.393056547428125e-16
-0.03289567617891274,0.33970258853242224,-0.025267046721098696,2.1339231814,3.393056547428125e-16
0.06048995960971934,-0.28516074161817223,-0.15787469524746134,2.5364346605,3.393056547428125e-16
-0.7012926320389685,-0.6397462768243942,0.3860693349604588,2.0115655042,3.393056547428125e-16
0.11591373196303904,0.2540132494154967,1.368115438709675,2.5364346605,5.668981433132828e-16
-0.3053422655011782,-0.498558436998224,0.6838031328176615,2.0115655042,5.668981433132828e-16
-0.10605926843789233,-0.1384989017866112,1.4870974471673992,2.4284689088,5.668981433132828e-16
0.3401037603857474,0.20827959231629958,0.5850437442974628,2.1946604332,5.668981433132828e-16
-0.18701572361779042,-0.8515982356863703,0.850686901239911,2.4284689088,2.061399767050803e-15
-0.06831494438165384,0.2725843392516975,0.6803154053294204,2.1946604332,2.061399767050803e-15
0.31508999683255573,0.20058228257973454,1.3009956883140552,2.1383620842,2.061399767050803e-15
-0.4304826268812538,0.23248110358485766,1.0031410303308674,2.2186547929,2.061399767050803e-15
-0.13139557239707295,-0.09338202748856418,0.8712790618439462,2.1383620842,4.583730937947389e-16
0.13136823552307464,-0.6171852730711056,0.9747933306124299,2.2186547929,4.583730937947389e-16
-0.22785768997306494,-0.08666573089572793,1.0922986116969762,2.5393677251,4.583730937947389e-16
0.42364955479047467,-0.00498934205238444,1.3547151574031944,2.0877164715,4.583730937947389e-16
0.44392609491684637,-0.05635373462081865,1.1677466146674025,2.5393677251,9.187565437799244e-16
-0.6847358362382914,-0.44499700501919137,0.7774171503698714,2.0877164715,9.187565437799244e-16
0.40125714473169244,-0.3323957242673224,1.2430453870174936,2.1679658678,9.187565437799244e-16
-0.20929232568215833,0.03546102848497332,0.582221739654954,2.5010554032,9.187565437799244e-16
-0.4695666368280705,-0.5226899300736281,0.8346276303619673,2.1679658678,3.766282706438458e-16
-0.22711273079418826,0.33871794422389834,0.8113690460209739,2.5010554032,3.766282706438458e-16
0.1308965102446311,0.32886185766851334,1.0574732243571705,2.1191413102,3.766282706438458e-16
0.05308092626115813,-0.0022741928721518945,1.246381019481249,2.5907417792,3.766282706438458e-16
0.5889612241394104,-0.7274251839503982,1.027095561214642,2.1191413102,3.2717922265250265e-16
-0.13948848169814587,0.1381907878630149,1.1708760223126826,2.5907417792,3.2717922265250265e-16
0.1293124020354317,0.32674126823939104,-0.5137591719696287,2.2528206644,3.2717922265250265e-16
0.1990751602870509,-0.43643133247514104,1.4490065186213488,2.2680758144,3.2717922265250265e-16
-0.7268870869218176,0.2969844899994602,1.254713098215642,2.2528206644,2.2226330731152632e-15
-0.20402699630828147,-0.1218867744676886,0.9259015706708066,2.2680758144,2.2226330731152632e-15
0.06723621449783992,0.027596903552224515,1.2200712585200968,2.6132291559,2.2226330731152632e-15
-0.4749211812074876,0.45431064365293744,0.6211242054061793,2.1039056318,2.2226330731152632e-15
-0.5263294318561169,-0.09475954963068556,-0.10306569977481533,2.6132291559,7.771742611690612e-16
0.010755139768135366,-0.43574763442807013,0.6891754620069771,2.1039056318,7.771742611690612e-16
0.720498235072703,-0.6979683636667691,0.04172964173795493,2.0408607759,7.771742611690612e-16
0.7016672556332959,0.29179224866958486,0.43360899964618316,2.2152360027,7.771742611690612e-16
0.4314840961898605,0.6994366439280885,0.9065083562621536,2.0408607759,2.25377317515484e-16
-0.48006364987110894,-0.009649216232061365,0.2359045433239383,2.2152360027,2.25377317515484e-16
0.5034770409142433,0.03567433058605538,1.0609621476306468,2.1907262433,2.25377317515484e-16
0.006411447978278959,0.627933710246598,0.7405339092273657,2.3421400873,2.25377317515484e-16
-0.07733586691939108,0.2567629703058069,0.6812741838133719,2.1907262433,1.7762312177970804e-16
0.5667306425533976,0.6406951068040913,1.423021226073268,2.3421400873,1.7762312177970804e-16
-0.20199425289808876,0.12782851193794678,1.5977530991638846,2.1982287911,1.7762312177970804e-16
0.38993233785239034,-0.490433823810026,-0.2077435863530078,2.3825468208,1.7762312177970804e-16
0.4694335923267033,0.12335914888981385,1.0461013650208097,2.1982287911,3.9241492664371846e-16
-0.8526271633543275,-0.6576538871696669,0.7944255176085852,2.3825468208,3.9241492664371846e-16
-0.7186297596621793,0.1234521165099381,0.8233587035745442,2.5054403598,3.9241492664371846e-16
0.38197064880746306,0.09295242442514459,-0.12484745019624287,2.2893897671,3.9241492664371846e-16
0.4955461323979386,-0.010951300002384626,0.819110088047427,2.5054403598,9.995758544615751e-16
0.11892458595477791,0.3762365926060059,0.45282283095294057,2.2893897671,9.995758544615751e-16
-0.38052110383630616,-0.07166048971123347,0.04636291652983799,2.2689365751,9.995758544615751e-16
0.5369799816195912,0.3151677881552702,0.766335621713196,2.2007137659,9.995758544615751e-16
-0.6985332772059302,0.07089897061391229,0.4904473994470187,2.2689365751,6.501952937619043e-16
-0.22542783808731479,-0.1889765411469629,0.859454123387374,2.2007137659,6.501952937619043e-16
0.3794817855212176,0.4919792207805118,-0.03631717504600963,2.3670693275,6.501952937619043e-16
0.324850043490606,0.26808432552981126,1.2187003619302437,2.1223154118,6.501952937619043e-16
-0.5547546734433239,0.17728323875847846,0.5850621275920712,2.3670693275,7.462674957000424e-16
-0.36491916118042744,-0.24881157571285986,0.9583502082861686,2.1223154118,7.462674957000424e-16
0.17427377427204038,0.06627707142060531,1.0283853038792177,2.2382590043,7.462674957000424e-16
-0.40175568277766244,-0.46648609675028785,1.1911008618103751,2.2199788885,7.462674957000424e-16
-0.20242312135088614,-0.0176639621702226,1.3294724684119754,2.2382590043,1.2674184834151105e-15
-0.23237034750816313,0.3099015383105651,0.9643940653415399,2.2199788885,1.2674184834151105e-15
0.6917823799860151,-0.03924948503460122,0.8749287939954349,2.4284557739,1.2674184834151105e-15
-0.6698577690507477,0.30187491562236624,0.6934781480021562,2.1506915635,1.2674184834151105e-15
-0.11577106788212826,-0.8060947702048296,1.1455048881311656,2.4284557739,4.560367867680717e-16
0.7636630397146428,-0.5376350532231219,0.36594780272380956,2.1506915635,4.560367867680717e-16
-0.06022927650701324,0.5242724030950101,0.8191610951580716,2.2270221565,4.560367867680717e-16
0.8037715795659064,-0.13484483421210824,0.9519410649294984,2.1167674801,4.560367867680717e-16
-0.6091102765954308,0.2370499050262482,0.6090087739895775,2.2270221565,1.0177641548796136e-15
-0.9227096970078235,0.48893731780546906,-0.013561523049374486,2.1167674801,1.0177641548796136e-15
0.7568057788954075,0.32906634398943174,0.3901706101799348,2.0934951139,1.0177641548796136e-15
-0.1963600400893436,-0.4212259982571984,1.3992083115812597,2.39041306,1.0177641548796136e-15
-0.5871883204555233,0.724820218054384,1.3687398974329577,2.0934951139,9.426329438902843e-16
-0.05715407535376706,0.41252263728490235,0.4118630953595283,2.39041306,9.426329438902843e-16
0.17460260140159528,-0.4191648461308941,0.571259553094204,2.4799633602,9.426329438902843e-16
-0.2801302430200955,-0.5763098927221425,0.6744432022216262,2.0444951792,9.426329438902843e-16
